{
"meta":{"test_sets":[],"test_metrics":[],"learn_metrics":[{"best_value":"Min","name":"Logloss"}],"launch_mode":"Train","parameters":"","iteration_count":1000,"learn_sets":["learn"],"name":"experiment"},
"iterations":[
{"learn":[0.6639394904],"iteration":0,"passed_time":0.1857836522,"remaining_time":185.5978686},
{"learn":[0.6388215319],"iteration":1,"passed_time":0.205086905,"remaining_time":102.3383656},
{"learn":[0.6132716763],"iteration":2,"passed_time":0.2216690312,"remaining_time":73.66800804},
{"learn":[0.5916786532],"iteration":3,"passed_time":0.2354561656,"remaining_time":58.62858523},
{"learn":[0.5713598261],"iteration":4,"passed_time":0.2478526296,"remaining_time":49.32267329},
{"learn":[0.5521128556],"iteration":5,"passed_time":0.2592417577,"remaining_time":42.94771786},
{"learn":[0.5338417874],"iteration":6,"passed_time":0.2723899912,"remaining_time":38.64046589},
{"learn":[0.5173157647],"iteration":7,"passed_time":0.2846949753,"remaining_time":35.30217693},
{"learn":[0.5026575722],"iteration":8,"passed_time":0.2964699603,"remaining_time":32.64463674},
{"learn":[0.4886834562],"iteration":9,"passed_time":0.307159068,"remaining_time":30.40874773},
{"learn":[0.4762175107],"iteration":10,"passed_time":0.3205630758,"remaining_time":28.82153472},
{"learn":[0.4644440594],"iteration":11,"passed_time":0.3334169062,"remaining_time":27.45132528},
{"learn":[0.4545357481],"iteration":12,"passed_time":0.3471368361,"remaining_time":26.35569671},
{"learn":[0.4448381211],"iteration":13,"passed_time":0.3588747512,"remaining_time":25.27503605},
{"learn":[0.437207884],"iteration":14,"passed_time":0.3689306601,"remaining_time":24.22644668},
{"learn":[0.4303556266],"iteration":15,"passed_time":0.3801681007,"remaining_time":23.38033819},
{"learn":[0.4226493728],"iteration":16,"passed_time":0.3915394501,"remaining_time":22.64019291},
{"learn":[0.4152635012],"iteration":17,"passed_time":0.4030621063,"remaining_time":21.98927713},
{"learn":[0.4084674094],"iteration":18,"passed_time":0.4147286174,"remaining_time":21.41309335},
{"learn":[0.4021899916],"iteration":19,"passed_time":0.4253237905,"remaining_time":20.84086573},
{"learn":[0.3965372183],"iteration":20,"passed_time":0.4344450834,"remaining_time":20.25341603},
{"learn":[0.3912347351],"iteration":21,"passed_time":0.4449406685,"remaining_time":19.77963517},
{"learn":[0.3861205899],"iteration":22,"passed_time":0.4543604652,"remaining_time":19.30044237},
{"learn":[0.3821609969],"iteration":23,"passed_time":0.4649102049,"remaining_time":18.90634833},
{"learn":[0.3776558994],"iteration":24,"passed_time":0.4751567658,"remaining_time":18.53111387},
{"learn":[0.3735522322],"iteration":25,"passed_time":0.4841663368,"remaining_time":18.13761585},
{"learn":[0.3697142596],"iteration":26,"passed_time":0.4945945835,"remaining_time":17.82372332},
{"learn":[0.3659679755],"iteration":27,"passed_time":0.5048223802,"remaining_time":17.52454834},
{"learn":[0.3625399244],"iteration":28,"passed_time":0.5162139088,"remaining_time":17.28426571},
{"learn":[0.3590704431],"iteration":29,"passed_time":0.5285888291,"remaining_time":17.09103881},
{"learn":[0.3561098888],"iteration":30,"passed_time":0.5403374355,"remaining_time":16.88990242},
{"learn":[0.353981949],"iteration":31,"passed_time":0.5515469646,"remaining_time":16.68429568},
{"learn":[0.3508339301],"iteration":32,"passed_time":0.5632772346,"remaining_time":16.50572988},
{"learn":[0.3481219978],"iteration":33,"passed_time":0.5747210418,"remaining_time":16.32883901},
{"learn":[0.3455353969],"iteration":34,"passed_time":0.5844750332,"remaining_time":16.11481163},
{"learn":[0.3433776464],"iteration":35,"passed_time":0.5950482099,"remaining_time":15.93406873},
{"learn":[0.341128739],"iteration":36,"passed_time":0.6065243828,"remaining_time":15.7860265},
{"learn":[0.3392777924],"iteration":37,"passed_time":0.6162071694,"remaining_time":15.59977097},
{"learn":[0.3375167227],"iteration":38,"passed_time":0.6270632758,"remaining_time":15.45148226},
{"learn":[0.335209722],"iteration":39,"passed_time":0.6386541506,"remaining_time":15.32769961},
{"learn":[0.3338797939],"iteration":40,"passed_time":0.6497624101,"remaining_time":15.19810125},
{"learn":[0.3320183326],"iteration":41,"passed_time":0.6599557197,"remaining_time":15.0532757},
{"learn":[0.3307691767],"iteration":42,"passed_time":0.6711178001,"remaining_time":14.9362729},
{"learn":[0.3290102776],"iteration":43,"passed_time":0.6814550824,"remaining_time":14.80616043},
{"learn":[0.3279830131],"iteration":44,"passed_time":0.6907535651,"remaining_time":14.65932566},
{"learn":[0.3268005598],"iteration":45,"passed_time":0.7029990158,"remaining_time":14.57958828},
{"learn":[0.3257057276],"iteration":46,"passed_time":0.7244383019,"remaining_time":14.68914259},
{"learn":[0.3243963659],"iteration":47,"passed_time":0.7486078006,"remaining_time":14.84738804},
{"learn":[0.3231559841],"iteration":48,"passed_time":0.7622953181,"remaining_time":14.79475199},
{"learn":[0.3220997332],"iteration":49,"passed_time":0.7747438548,"remaining_time":14.72013324},
{"learn":[0.3211131064],"iteration":50,"passed_time":0.7892907497,"remaining_time":14.68699846},
{"learn":[0.3195787763],"iteration":51,"passed_time":0.8053821328,"remaining_time":14.68273581},
{"learn":[0.3184335183],"iteration":52,"passed_time":0.8189164618,"remaining_time":14.63233753},
{"learn":[0.3173569218],"iteration":53,"passed_time":0.8313635409,"remaining_time":14.56425759},
{"learn":[0.3161119266],"iteration":54,"passed_time":0.8409842625,"remaining_time":14.44963869},
{"learn":[0.3153326091],"iteration":55,"passed_time":0.8552318542,"remaining_time":14.41676554},
{"learn":[0.3144104137],"iteration":56,"passed_time":0.8695933132,"remaining_time":14.38642973},
{"learn":[0.3132536324],"iteration":57,"passed_time":0.8842653674,"remaining_time":14.36168924},
{"learn":[0.312720891],"iteration":58,"passed_time":0.8998751438,"remaining_time":14.35224594},
{"learn":[0.3119536295],"iteration":59,"passed_time":0.9147593326,"remaining_time":14.33122954},
{"learn":[0.3111082332],"iteration":60,"passed_time":0.9259291337,"remaining_time":14.25323699},
{"learn":[0.3103994253],"iteration":61,"passed_time":0.9373442114,"remaining_time":14.18111081},
{"learn":[0.3098411566],"iteration":62,"passed_time":0.9508602797,"remaining_time":14.14216003},
{"learn":[0.3091523998],"iteration":63,"passed_time":0.9648063374,"remaining_time":14.11029268},
{"learn":[0.3084238469],"iteration":64,"passed_time":0.9780242028,"remaining_time":14.06850199},
{"learn":[0.307750389],"iteration":65,"passed_time":0.9878902729,"remaining_time":13.98014416},
{"learn":[0.3071833443],"iteration":66,"passed_time":1.000953219,"remaining_time":13.93864706},
{"learn":[0.3064495778],"iteration":67,"passed_time":1.013683606,"remaining_time":13.89342825},
{"learn":[0.3055552259],"iteration":68,"passed_time":1.026760412,"remaining_time":13.85382527},
{"learn":[0.3046420162],"iteration":69,"passed_time":1.041973526,"remaining_time":13.84336256},
{"learn":[0.3037850886],"iteration":70,"passed_time":1.053355975,"remaining_time":13.78264367},
{"learn":[0.3032770597],"iteration":71,"passed_time":1.06831176,"remaining_time":13.76935157},
{"learn":[0.3023473489],"iteration":72,"passed_time":1.08309576,"remaining_time":13.75383246},
{"learn":[0.3017864541],"iteration":73,"passed_time":1.09790326,"remaining_time":13.73862727},
{"learn":[0.3012777085],"iteration":74,"passed_time":1.111883534,"remaining_time":13.71323025},
{"learn":[0.3007547766],"iteration":75,"passed_time":1.12742232,"remaining_time":13.70708189},
{"learn":[0.3001498195],"iteration":76,"passed_time":1.142541241,"remaining_time":13.6956567},
{"learn":[0.299407876],"iteration":77,"passed_time":1.158575474,"remaining_time":13.69495625},
{"learn":[0.2987376832],"iteration":78,"passed_time":1.174443433,"remaining_time":13.69192914},
{"learn":[0.29827258],"iteration":79,"passed_time":1.191451793,"remaining_time":13.70169562},
{"learn":[0.2978628771],"iteration":80,"passed_time":1.205025977,"remaining_time":13.67183793},
{"learn":[0.2973715336],"iteration":81,"passed_time":1.217765885,"remaining_time":13.63303759},
{"learn":[0.2965600046],"iteration":82,"passed_time":1.23270793,"remaining_time":13.61919484},
{"learn":[0.2961178495],"iteration":83,"passed_time":1.24777983,"remaining_time":13.60674195},
{"learn":[0.2956623147],"iteration":84,"passed_time":1.262192669,"remaining_time":13.58713285},
{"learn":[0.2950774891],"iteration":85,"passed_time":1.27591937,"remaining_time":13.56035238},
{"learn":[0.2946021716],"iteration":86,"passed_time":1.289849878,"remaining_time":13.53601079},
{"learn":[0.294239636],"iteration":87,"passed_time":1.304916953,"remaining_time":13.52368478},
{"learn":[0.2938082007],"iteration":88,"passed_time":1.320772019,"remaining_time":13.51936303},
{"learn":[0.2931076928],"iteration":89,"passed_time":1.333064233,"remaining_time":13.47876058},
{"learn":[0.2926025105],"iteration":90,"passed_time":1.346946948,"remaining_time":13.45466787},
{"learn":[0.292082216],"iteration":91,"passed_time":1.361573576,"remaining_time":13.4381392},
{"learn":[0.2915519631],"iteration":92,"passed_time":1.375974576,"remaining_time":13.41945097},
{"learn":[0.290931781],"iteration":93,"passed_time":1.390299642,"remaining_time":13.40012208},
{"learn":[0.2903802564],"iteration":94,"passed_time":1.403886399,"remaining_time":13.37386517},
{"learn":[0.2900542302],"iteration":95,"passed_time":1.415157763,"remaining_time":13.32606894},
{"learn":[0.2895846648],"iteration":96,"passed_time":1.429056809,"remaining_time":13.30348761},
{"learn":[0.2888940992],"iteration":97,"passed_time":1.444186725,"remaining_time":13.29241251},
{"learn":[0.288553628],"iteration":98,"passed_time":1.459218662,"remaining_time":13.28036378},
{"learn":[0.2881633473],"iteration":99,"passed_time":1.4734351,"remaining_time":13.2609159},
{"learn":[0.2876911583],"iteration":100,"passed_time":1.48690373,"remaining_time":13.23491538},
{"learn":[0.2874449136],"iteration":101,"passed_time":1.500778025,"remaining_time":13.21273202},
{"learn":[0.2869047053],"iteration":102,"passed_time":1.513471601,"remaining_time":13.18042744},
{"learn":[0.2865767801],"iteration":103,"passed_time":1.527127575,"remaining_time":13.15679142},
{"learn":[0.2861188476],"iteration":104,"passed_time":1.542089998,"remaining_time":13.14448141},
{"learn":[0.2855144355],"iteration":105,"passed_time":1.556847543,"remaining_time":13.13039343},
{"learn":[0.2849224172],"iteration":106,"passed_time":1.573709262,"remaining_time":13.13385393},
{"learn":[0.2846164014],"iteration":107,"passed_time":1.589188437,"remaining_time":13.12551932},
{"learn":[0.2843753259],"iteration":108,"passed_time":1.606477655,"remaining_time":13.13184946},
{"learn":[0.2839373033],"iteration":109,"passed_time":1.620942427,"remaining_time":13.11489782},
{"learn":[0.2835680301],"iteration":110,"passed_time":1.635303933,"remaining_time":13.09716393},
{"learn":[0.2830727531],"iteration":111,"passed_time":1.649970999,"remaining_time":13.08191292},
{"learn":[0.2827472877],"iteration":112,"passed_time":1.661228578,"remaining_time":13.03990928},
{"learn":[0.2824598598],"iteration":113,"passed_time":1.675116028,"remaining_time":13.01888422},
{"learn":[0.2819745356],"iteration":114,"passed_time":1.689273758,"remaining_time":13.00006327},
{"learn":[0.2815319316],"iteration":115,"passed_time":1.703336162,"remaining_time":12.98059627},
{"learn":[0.2812923847],"iteration":116,"passed_time":1.717838582,"remaining_time":12.96454246},
{"learn":[0.2810351231],"iteration":117,"passed_time":1.732044503,"remaining_time":12.94629874},
{"learn":[0.2806796123],"iteration":118,"passed_time":1.742167944,"remaining_time":12.89789881},
{"learn":[0.2803628498],"iteration":119,"passed_time":1.755244814,"remaining_time":12.8717953},
{"learn":[0.2799763347],"iteration":120,"passed_time":1.768218062,"remaining_time":12.84515435},
{"learn":[0.2795955585],"iteration":121,"passed_time":1.781089757,"remaining_time":12.81800661},
{"learn":[0.2792157534],"iteration":122,"passed_time":1.790493879,"remaining_time":12.76636693},
{"learn":[0.2787781284],"iteration":123,"passed_time":1.804290488,"remaining_time":12.74643926},
{"learn":[0.2785253717],"iteration":124,"passed_time":1.817575056,"remaining_time":12.72302539},
{"learn":[0.2781104574],"iteration":125,"passed_time":1.829490291,"remaining_time":12.69027392},
{"learn":[0.277754879],"iteration":126,"passed_time":1.839215627,"remaining_time":12.64279718},
{"learn":[0.2773997026],"iteration":127,"passed_time":1.851944298,"remaining_time":12.61637053},
{"learn":[0.2771626298],"iteration":128,"passed_time":1.865548677,"remaining_time":12.59606897},
{"learn":[0.276529253],"iteration":129,"passed_time":1.874424173,"remaining_time":12.54422331},
{"learn":[0.2762513318],"iteration":130,"passed_time":1.887234242,"remaining_time":12.51913402},
{"learn":[0.2759565472],"iteration":131,"passed_time":1.900998397,"remaining_time":12.50050461},
{"learn":[0.2755808563],"iteration":132,"passed_time":1.913125212,"remaining_time":12.47127488},
{"learn":[0.2752834681],"iteration":133,"passed_time":1.922904148,"remaining_time":12.4271268},
{"learn":[0.2749568111],"iteration":134,"passed_time":1.93536991,"remaining_time":12.4007035},
{"learn":[0.274712457],"iteration":135,"passed_time":1.948226506,"remaining_time":12.37696839},
{"learn":[0.2743174598],"iteration":136,"passed_time":1.960451148,"remaining_time":12.34941124},
{"learn":[0.2738937967],"iteration":137,"passed_time":1.969952902,"remaining_time":12.30506812},
{"learn":[0.2735783612],"iteration":138,"passed_time":1.982913835,"remaining_time":12.28265333},
{"learn":[0.2733178709],"iteration":139,"passed_time":1.994836945,"remaining_time":12.25399837},
{"learn":[0.2729961005],"iteration":140,"passed_time":2.004209299,"remaining_time":12.21004105},
{"learn":[0.2726463877],"iteration":141,"passed_time":2.01769543,"remaining_time":12.19142731},
{"learn":[0.2717729594],"iteration":142,"passed_time":2.030294422,"remaining_time":12.16756867},
{"learn":[0.2715081064],"iteration":143,"passed_time":2.038849965,"remaining_time":12.11983035},
{"learn":[0.27130781],"iteration":144,"passed_time":2.051262041,"remaining_time":12.09537273},
{"learn":[0.2710944831],"iteration":145,"passed_time":2.06374602,"remaining_time":12.07150069},
{"learn":[0.2707108177],"iteration":146,"passed_time":2.076099052,"remaining_time":12.04702375},
{"learn":[0.2704960448],"iteration":147,"passed_time":2.085654,"remaining_time":12.00660276},
{"learn":[0.2702589746],"iteration":148,"passed_time":2.099586363,"remaining_time":11.99159728},
{"learn":[0.2699183381],"iteration":149,"passed_time":2.113118808,"remaining_time":11.97433991},
{"learn":[0.2696026642],"iteration":150,"passed_time":2.125870468,"remaining_time":11.9527419},
{"learn":[0.2694066736],"iteration":151,"passed_time":2.137082405,"remaining_time":11.92267026},
{"learn":[0.26916745],"iteration":152,"passed_time":2.149640459,"remaining_time":11.90029718},
{"learn":[0.2686753533],"iteration":153,"passed_time":2.162016171,"remaining_time":11.87704987},
{"learn":[0.2684098999],"iteration":154,"passed_time":2.173184826,"remaining_time":11.84736244},
{"learn":[0.2680987338],"iteration":155,"passed_time":2.18300686,"remaining_time":11.81062686},
{"learn":[0.2677795836],"iteration":156,"passed_time":2.196139476,"remaining_time":11.79201005},
{"learn":[0.2675050328],"iteration":157,"passed_time":2.208417815,"remaining_time":11.76891013},
{"learn":[0.2673669953],"iteration":158,"passed_time":2.217224812,"remaining_time":11.72758532},
{"learn":[0.2671853758],"iteration":159,"passed_time":2.229871421,"remaining_time":11.70682496},
{"learn":[0.2669170615],"iteration":160,"passed_time":2.242044454,"remaining_time":11.6836975},
{"learn":[0.26650602],"iteration":161,"passed_time":2.250971037,"remaining_time":11.64391191},
{"learn":[0.2661502718],"iteration":162,"passed_time":2.263294873,"remaining_time":11.62194975},
{"learn":[0.2658401518],"iteration":163,"passed_time":2.275366524,"remaining_time":11.5988196},
{"learn":[0.2655244429],"iteration":164,"passed_time":2.284191177,"remaining_time":11.55939171},
{"learn":[0.2652643602],"iteration":165,"passed_time":2.295514064,"remaining_time":11.53288391},
{"learn":[0.2650444259],"iteration":166,"passed_time":2.306212143,"remaining_time":11.50344141},
{"learn":[0.2648424548],"iteration":167,"passed_time":2.315243151,"remaining_time":11.46596608},
{"learn":[0.2644716935],"iteration":168,"passed_time":2.326235912,"remaining_time":11.43847363},
{"learn":[0.264129204],"iteration":169,"passed_time":2.336184884,"remaining_time":11.40607914},
{"learn":[0.2638566419],"iteration":170,"passed_time":2.344867164,"remaining_time":11.36780631},
{"learn":[0.263602513],"iteration":171,"passed_time":2.354658105,"remaining_time":11.3352146},
{"learn":[0.2631923145],"iteration":172,"passed_time":2.363932503,"remaining_time":11.30041723},
{"learn":[0.2629146334],"iteration":173,"passed_time":2.375059433,"remaining_time":11.27470742},
{"learn":[0.2627432578],"iteration":174,"passed_time":2.385652873,"remaining_time":11.24664926},
{"learn":[0.2624738209],"iteration":175,"passed_time":2.395741185,"remaining_time":11.21642464},
{"learn":[0.262238273],"iteration":176,"passed_time":2.40770604,"remaining_time":11.19515294},
{"learn":[0.2617885895],"iteration":177,"passed_time":2.418172653,"remaining_time":11.16706697},
{"learn":[0.2615416238],"iteration":178,"passed_time":2.427752948,"remaining_time":11.13511268},
{"learn":[0.2613669933],"iteration":179,"passed_time":2.439184709,"remaining_time":11.11184145},
{"learn":[0.2609794453],"iteration":180,"passed_time":2.449464765,"remaining_time":11.08348974},
{"learn":[0.2606503023],"iteration":181,"passed_time":2.459452842,"remaining_time":11.05402431},
{"learn":[0.2602994444],"iteration":182,"passed_time":2.470977721,"remaining_time":11.03163278},
{"learn":[0.2600737409],"iteration":183,"passed_time":2.480381285,"remaining_time":10.99995179},
{"learn":[0.2597483367],"iteration":184,"passed_time":2.490738825,"remaining_time":10.97271428},
{"learn":[0.2595975053],"iteration":185,"passed_time":2.501725852,"remaining_time":10.94841314},
{"learn":[0.2592668266],"iteration":186,"passed_time":2.510816406,"remaining_time":10.91600929},
{"learn":[0.259013961],"iteration":187,"passed_time":2.522694604,"remaining_time":10.89589371},
{"learn":[0.2587203438],"iteration":188,"passed_time":2.536037428,"remaining_time":10.88215002},
{"learn":[0.2585065594],"iteration":189,"passed_time":2.544670987,"remaining_time":10.84833421},
{"learn":[0.2581882671],"iteration":190,"passed_time":2.555377128,"remaining_time":10.82356072},
{"learn":[0.2576799425],"iteration":191,"passed_time":2.565752453,"remaining_time":10.79754157},
{"learn":[0.2573821475],"iteration":192,"passed_time":2.574414703,"remaining_time":10.76452158},
{"learn":[0.2572486069],"iteration":193,"passed_time":2.584573046,"remaining_time":10.73796843},
{"learn":[0.2569576433],"iteration":194,"passed_time":2.593948542,"remaining_time":10.70835168},
{"learn":[0.2568080932],"iteration":195,"passed_time":2.604137775,"remaining_time":10.68227944},
{"learn":[0.2563621226],"iteration":196,"passed_time":2.613879083,"remaining_time":10.65454266},
{"learn":[0.2561258236],"iteration":197,"passed_time":2.623387582,"remaining_time":10.62604465},
{"learn":[0.2559336216],"iteration":198,"passed_time":2.633713089,"remaining_time":10.60102605},
{"learn":[0.2557721668],"iteration":199,"passed_time":2.642173579,"remaining_time":10.56869432},
{"learn":[0.2555145251],"iteration":200,"passed_time":2.652581232,"remaining_time":10.54434032},
{"learn":[0.255192036],"iteration":201,"passed_time":2.66557952,"remaining_time":10.5303587},
{"learn":[0.254751292],"iteration":202,"passed_time":2.692369302,"remaining_time":10.57053366},
{"learn":[0.2543243517],"iteration":203,"passed_time":2.718158829,"remaining_time":10.60614916},
{"learn":[0.2540652521],"iteration":204,"passed_time":2.745536527,"remaining_time":10.64732458},
{"learn":[0.2538791281],"iteration":205,"passed_time":2.771205682,"remaining_time":10.68124909},
{"learn":[0.2535374928],"iteration":206,"passed_time":2.79790008,"remaining_time":10.71852543},
{"learn":[0.2532311106],"iteration":207,"passed_time":2.824844346,"remaining_time":10.75613809},
{"learn":[0.2530873013],"iteration":208,"passed_time":2.849758286,"remaining_time":10.78544882},
{"learn":[0.2528616436],"iteration":209,"passed_time":2.874724355,"remaining_time":10.81443924},
{"learn":[0.252628138],"iteration":210,"passed_time":2.90001271,"remaining_time":10.84412336},
{"learn":[0.2524364589],"iteration":211,"passed_time":2.926182881,"remaining_time":10.87656656},
{"learn":[0.2522468123],"iteration":212,"passed_time":2.952035907,"remaining_time":10.9072876},
{"learn":[0.2521015239],"iteration":213,"passed_time":2.97985724,"remaining_time":10.9447093},
{"learn":[0.2520060585],"iteration":214,"passed_time":3.004923668,"remaining_time":10.97146549},
{"learn":[0.2517719926],"iteration":215,"passed_time":3.030724905,"remaining_time":11.00040892},
{"learn":[0.2516365209],"iteration":216,"passed_time":3.056954995,"remaining_time":11.03039521},
{"learn":[0.2514958528],"iteration":217,"passed_time":3.081024468,"remaining_time":11.0521153},
{"learn":[0.2511921133],"iteration":218,"passed_time":3.10719975,"remaining_time":11.08092696},
{"learn":[0.250843265],"iteration":219,"passed_time":3.133147472,"remaining_time":11.10843195},
{"learn":[0.2506113644],"iteration":220,"passed_time":3.158997862,"remaining_time":11.13511011},
{"learn":[0.2504541588],"iteration":221,"passed_time":3.184045613,"remaining_time":11.15850219},
{"learn":[0.2503158138],"iteration":222,"passed_time":3.209056151,"remaining_time":11.18133018},
{"learn":[0.2502114745],"iteration":223,"passed_time":3.234180517,"remaining_time":11.20412536},
{"learn":[0.2500131839],"iteration":224,"passed_time":3.261130612,"remaining_time":11.23278322},
{"learn":[0.2497695159],"iteration":225,"passed_time":3.282815321,"remaining_time":11.24291619},
{"learn":[0.2496505748],"iteration":226,"passed_time":3.307464575,"remaining_time":11.26286395},
{"learn":[0.249492004],"iteration":227,"passed_time":3.3324717,"remaining_time":11.28363225},
{"learn":[0.2493323576],"iteration":228,"passed_time":3.359272383,"remaining_time":11.31003933},
{"learn":[0.2492245853],"iteration":229,"passed_time":3.388271982,"remaining_time":11.34334533},
{"learn":[0.2488660476],"iteration":230,"passed_time":3.415470279,"remaining_time":11.37011534},
{"learn":[0.248620376],"iteration":231,"passed_time":3.441712426,"remaining_time":11.39325493},
{"learn":[0.2484541368],"iteration":232,"passed_time":3.466327472,"remaining_time":11.41061447},
{"learn":[0.2481394272],"iteration":233,"passed_time":3.490597651,"remaining_time":11.42648633},
{"learn":[0.247984524],"iteration":234,"passed_time":3.516894099,"remaining_time":11.44861271},
{"learn":[0.2478120845],"iteration":235,"passed_time":3.543011185,"remaining_time":11.46974807},
{"learn":[0.2475938626],"iteration":236,"passed_time":3.567970558,"remaining_time":11.48675753},
{"learn":[0.2473947549],"iteration":237,"passed_time":3.593604602,"remaining_time":11.5055744},
{"learn":[0.2472147334],"iteration":238,"passed_time":3.619933389,"remaining_time":11.52623142},
{"learn":[0.2470226837],"iteration":239,"passed_time":3.646046441,"remaining_time":11.54581373},
{"learn":[0.2468345969],"iteration":240,"passed_time":3.670962272,"remaining_time":11.56124633},
{"learn":[0.2466605993],"iteration":241,"passed_time":3.696421346,"remaining_time":11.57804703},
{"learn":[0.2465617406],"iteration":242,"passed_time":3.72100295,"remaining_time":11.59176639},
{"learn":[0.2463702094],"iteration":243,"passed_time":3.747170192,"remaining_time":11.61008469},
{"learn":[0.2460909501],"iteration":244,"passed_time":3.772526231,"remaining_time":11.62554002},
{"learn":[0.2458314629],"iteration":245,"passed_time":3.803004173,"remaining_time":11.65636238},
{"learn":[0.2456358188],"iteration":246,"passed_time":3.828817095,"remaining_time":11.67246669},
{"learn":[0.2454594445],"iteration":247,"passed_time":3.854969917,"remaining_time":11.68926362},
{"learn":[0.2453236083],"iteration":248,"passed_time":3.882678648,"remaining_time":11.71040829},
{"learn":[0.2450831349],"iteration":249,"passed_time":3.908937102,"remaining_time":11.72681131},
{"learn":[0.244905422],"iteration":250,"passed_time":3.935105778,"remaining_time":11.74260649},
{"learn":[0.2446585164],"iteration":251,"passed_time":3.964244488,"remaining_time":11.76688443},
{"learn":[0.2444307112],"iteration":252,"passed_time":3.992128722,"remaining_time":11.78703619},
{"learn":[0.244214362],"iteration":253,"passed_time":4.018006215,"remaining_time":11.80091589},
{"learn":[0.2437866926],"iteration":254,"passed_time":4.044874183,"remaining_time":11.81737752},
{"learn":[0.2435217501],"iteration":255,"passed_time":4.070753102,"remaining_time":11.8306262},
{"learn":[0.2433025331],"iteration":256,"passed_time":4.098151385,"remaining_time":11.84796295},
{"learn":[0.2430295757],"iteration":257,"passed_time":4.12515796,"remaining_time":11.86382638},
{"learn":[0.2429143398],"iteration":258,"passed_time":4.1504613,"remaining_time":11.87448581},
{"learn":[0.242756202],"iteration":259,"passed_time":4.176806819,"remaining_time":11.88783479},
{"learn":[0.2425479804],"iteration":260,"passed_time":4.204168385,"remaining_time":11.90375646},
{"learn":[0.2424421129],"iteration":261,"passed_time":4.232548136,"remaining_time":11.92221574},
{"learn":[0.2422173499],"iteration":262,"passed_time":4.258558232,"remaining_time":11.93367839},
{"learn":[0.2420494968],"iteration":263,"passed_time":4.283889399,"remaining_time":11.94296439},
{"learn":[0.2419101192],"iteration":264,"passed_time":4.308549719,"remaining_time":11.95012846},
{"learn":[0.241666319],"iteration":265,"passed_time":4.334495639,"remaining_time":11.96060075},
{"learn":[0.2414151514],"iteration":266,"passed_time":4.361090277,"remaining_time":11.97258117},
{"learn":[0.2412314723],"iteration":267,"passed_time":4.388341067,"remaining_time":11.9860659},
{"learn":[0.2409349107],"iteration":268,"passed_time":4.414998967,"remaining_time":11.9976366},
{"learn":[0.240654558],"iteration":269,"passed_time":4.440598369,"remaining_time":12.00606226},
{"learn":[0.240470143],"iteration":270,"passed_time":4.466518748,"remaining_time":12.01510025},
{"learn":[0.2403206002],"iteration":271,"passed_time":4.493966243,"remaining_time":12.02796847},
{"learn":[0.2402060163],"iteration":272,"passed_time":4.520250769,"remaining_time":12.03744435},
{"learn":[0.2400216142],"iteration":273,"passed_time":4.545080413,"remaining_time":12.04280431},
{"learn":[0.2398133096],"iteration":274,"passed_time":4.569455231,"remaining_time":12.04674561},
{"learn":[0.2395350238],"iteration":275,"passed_time":4.595022421,"remaining_time":12.05360954},
{"learn":[0.2393111331],"iteration":276,"passed_time":4.622263912,"remaining_time":12.06460942},
{"learn":[0.2391020655],"iteration":277,"passed_time":4.650149993,"remaining_time":12.07700826},
{"learn":[0.2388955244],"iteration":278,"passed_time":4.675456409,"remaining_time":12.08245187},
{"learn":[0.2386681746],"iteration":279,"passed_time":4.702037779,"remaining_time":12.09095429},
{"learn":[0.2384874037],"iteration":280,"passed_time":4.727915371,"remaining_time":12.09740623},
{"learn":[0.2383507138],"iteration":281,"passed_time":4.754476534,"remaining_time":12.10536933},
{"learn":[0.2380737568],"iteration":282,"passed_time":4.78109163,"remaining_time":12.11322508},
{"learn":[0.237880116],"iteration":283,"passed_time":4.806666612,"remaining_time":12.11821583},
{"learn":[0.2376646911],"iteration":284,"passed_time":4.832794774,"remaining_time":12.12437987},
{"learn":[0.2374122472],"iteration":285,"passed_time":4.858006433,"remaining_time":12.12803005},
{"learn":[0.2371985145],"iteration":286,"passed_time":4.883322315,"remaining_time":12.13173802},
{"learn":[0.2369756297],"iteration":287,"passed_time":4.908912581,"remaining_time":12.13592277},
{"learn":[0.2368446338],"iteration":288,"passed_time":4.934376828,"remaining_time":12.13959143},
{"learn":[0.2366762116],"iteration":289,"passed_time":4.961368845,"remaining_time":12.14679959},
{"learn":[0.2365171087],"iteration":290,"passed_time":4.986381185,"remaining_time":12.14894935},
{"learn":[0.23634551],"iteration":291,"passed_time":5.010194866,"remaining_time":12.14800673},
{"learn":[0.2361743198],"iteration":292,"passed_time":5.036881273,"remaining_time":12.15383979},
{"learn":[0.2361001409],"iteration":293,"passed_time":5.063612437,"remaining_time":12.15955912},
{"learn":[0.235808586],"iteration":294,"passed_time":5.089256884,"remaining_time":12.16246137},
{"learn":[0.2357026425],"iteration":295,"passed_time":5.114851036,"remaining_time":12.16505111},
{"learn":[0.2354707008],"iteration":296,"passed_time":5.139996836,"remaining_time":12.16638982},
{"learn":[0.2352633431],"iteration":297,"passed_time":5.166823639,"remaining_time":12.17151072},
{"learn":[0.2351519476],"iteration":298,"passed_time":5.194370608,"remaining_time":12.17810634},
{"learn":[0.2348892641],"iteration":299,"passed_time":5.219851079,"remaining_time":12.17965252},
{"learn":[0.2346616755],"iteration":300,"passed_time":5.246765632,"remaining_time":12.18434942},
{"learn":[0.2344230006],"iteration":301,"passed_time":5.273435867,"remaining_time":12.1882723},
{"learn":[0.234233309],"iteration":302,"passed_time":5.300024978,"remaining_time":12.19180663},
{"learn":[0.2341065061],"iteration":303,"passed_time":5.326088938,"remaining_time":12.19394046},
{"learn":[0.2339921416],"iteration":304,"passed_time":5.352168556,"remaining_time":12.19592507},
{"learn":[0.2338379166],"iteration":305,"passed_time":5.378572905,"remaining_time":12.19846273},
{"learn":[0.2334715346],"iteration":306,"passed_time":5.404045995,"remaining_time":12.19870969},
{"learn":[0.2333644897],"iteration":307,"passed_time":5.43064578,"remaining_time":12.20132104},
{"learn":[0.2331566285],"iteration":308,"passed_time":5.458907316,"remaining_time":12.2074594},
{"learn":[0.2329903516],"iteration":309,"passed_time":5.485703171,"remaining_time":12.21011351},
{"learn":[0.2327347825],"iteration":310,"passed_time":5.511785612,"remaining_time":12.21099771},
{"learn":[0.2326094436],"iteration":311,"passed_time":5.538319056,"remaining_time":12.21270356},
{"learn":[0.2322670429],"iteration":312,"passed_time":5.561132402,"remaining_time":12.20606377},
{"learn":[0.2320540895],"iteration":313,"passed_time":5.58651914,"remaining_time":12.20494309},
{"learn":[0.2319472362],"iteration":314,"passed_time":5.612481853,"remaining_time":12.20492086},
{"learn":[0.2317629271],"iteration":315,"passed_time":5.638707303,"remaining_time":12.20530315},
{"learn":[0.2316066095],"iteration":316,"passed_time":5.663857548,"remaining_time":12.20320096},
{"learn":[0.2313831434],"iteration":317,"passed_time":5.689607914,"remaining_time":12.20224087},
{"learn":[0.231174133],"iteration":318,"passed_time":5.714348708,"remaining_time":12.19897013},
{"learn":[0.2310673275],"iteration":319,"passed_time":5.740054525,"remaining_time":12.19761586},
{"learn":[0.2307643363],"iteration":320,"passed_time":5.765797314,"remaining_time":12.19618809},
{"learn":[0.2306530225],"iteration":321,"passed_time":5.793148077,"remaining_time":12.19799502},
{"learn":[0.2304746259],"iteration":322,"passed_time":5.819308725,"remaining_time":12.19712696},
{"learn":[0.2302892644],"iteration":323,"passed_time":5.8459231,"remaining_time":12.19704943},
{"learn":[0.2301906201],"iteration":324,"passed_time":5.872069999,"remaining_time":12.19583769},
{"learn":[0.2300821759],"iteration":325,"passed_time":5.901289059,"remaining_time":12.20082462},
{"learn":[0.2298801418],"iteration":326,"passed_time":5.926636853,"remaining_time":12.19763487},
{"learn":[0.2296363617],"iteration":327,"passed_time":5.953608893,"remaining_time":12.19763773},
{"learn":[0.2294924728],"iteration":328,"passed_time":5.980247733,"remaining_time":12.19679705},
{"learn":[0.2292163427],"iteration":329,"passed_time":6.007113658,"remaining_time":12.19626106},
{"learn":[0.2290813309],"iteration":330,"passed_time":6.035529636,"remaining_time":12.19869887},
{"learn":[0.2288600315],"iteration":331,"passed_time":6.062843035,"remaining_time":12.19873237},
{"learn":[0.2284969069],"iteration":332,"passed_time":6.089490293,"remaining_time":12.19726734},
{"learn":[0.2283352678],"iteration":333,"passed_time":6.116676706,"remaining_time":12.19672661},
{"learn":[0.2280344162],"iteration":334,"passed_time":6.142492178,"remaining_time":12.19330537},
{"learn":[0.2277812885],"iteration":335,"passed_time":6.168849601,"remaining_time":12.19082183},
{"learn":[0.2276117785],"iteration":336,"passed_time":6.195917655,"remaining_time":12.18959468},
{"learn":[0.2274767324],"iteration":337,"passed_time":6.220685885,"remaining_time":12.18371022},
{"learn":[0.2271923707],"iteration":338,"passed_time":6.246908788,"remaining_time":12.18055076},
{"learn":[0.226912185],"iteration":339,"passed_time":6.273064094,"remaining_time":12.17712442},
{"learn":[0.2264698134],"iteration":340,"passed_time":6.301933045,"remaining_time":12.17880902},
{"learn":[0.2261434438],"iteration":341,"passed_time":6.327648004,"remaining_time":12.17424674},
{"learn":[0.2259299114],"iteration":342,"passed_time":6.352486167,"remaining_time":12.16788167},
{"learn":[0.2257075502],"iteration":343,"passed_time":6.374215582,"remaining_time":12.15548088},
{"learn":[0.2253464596],"iteration":344,"passed_time":6.398379242,"remaining_time":12.14764755},
{"learn":[0.2250450703],"iteration":345,"passed_time":6.422716448,"remaining_time":12.14004785},
{"learn":[0.2247984466],"iteration":346,"passed_time":6.448740158,"remaining_time":12.13552543},
{"learn":[0.2246100767],"iteration":347,"passed_time":6.47471411,"remaining_time":12.13078621},
{"learn":[0.2244860813],"iteration":348,"passed_time":6.500374534,"remaining_time":12.12534046},
{"learn":[0.2242696834],"iteration":349,"passed_time":6.522800119,"remaining_time":12.11377165},
{"learn":[0.224107006],"iteration":350,"passed_time":6.556330773,"remaining_time":12.12267428},
{"learn":[0.2238459412],"iteration":351,"passed_time":6.585406778,"remaining_time":12.12313521},
{"learn":[0.2237059801],"iteration":352,"passed_time":6.614228477,"remaining_time":12.12296268},
{"learn":[0.2235766452],"iteration":353,"passed_time":6.643289217,"remaining_time":12.1230645},
{"learn":[0.2233864349],"iteration":354,"passed_time":6.667862654,"remaining_time":12.11484905},
{"learn":[0.2232675892],"iteration":355,"passed_time":6.69760467,"remaining_time":12.11589159},
{"learn":[0.2231673792],"iteration":356,"passed_time":6.725164361,"remaining_time":12.11283105},
{"learn":[0.2230563327],"iteration":357,"passed_time":6.75238533,"remaining_time":12.10902621},
{"learn":[0.2228528008],"iteration":358,"passed_time":6.780174124,"remaining_time":12.10610477},
{"learn":[0.222633745],"iteration":359,"passed_time":6.807807525,"remaining_time":12.10276893},
{"learn":[0.222473112],"iteration":360,"passed_time":6.834545902,"remaining_time":12.09771421},
{"learn":[0.2223075228],"iteration":361,"passed_time":6.862639977,"remaining_time":12.09492902},
{"learn":[0.2222196542],"iteration":362,"passed_time":6.891967546,"remaining_time":12.09416894},
{"learn":[0.2219998607],"iteration":363,"passed_time":6.921899884,"remaining_time":12.09430859},
{"learn":[0.2217159168],"iteration":364,"passed_time":6.95706145,"remaining_time":12.10338088},
{"learn":[0.2213657702],"iteration":365,"passed_time":6.991466176,"remaining_time":12.11090043},
{"learn":[0.2212123373],"iteration":366,"passed_time":7.019501398,"remaining_time":12.10720541},
{"learn":[0.2210548558],"iteration":367,"passed_time":7.044292123,"remaining_time":12.09780604},
{"learn":[0.2209023844],"iteration":368,"passed_time":7.070442167,"remaining_time":12.09064772},
{"learn":[0.2207364536],"iteration":369,"passed_time":7.096764058,"remaining_time":12.08367934},
{"learn":[0.2205793935],"iteration":370,"passed_time":7.122682902,"remaining_time":12.0759233},
{"learn":[0.2203371399],"iteration":371,"passed_time":7.152618483,"remaining_time":12.07485056},
{"learn":[0.2202129262],"iteration":372,"passed_time":7.179595921,"remaining_time":12.06865052},
{"learn":[0.2199192525],"iteration":373,"passed_time":7.206964561,"remaining_time":12.06299416},
{"learn":[0.2196886815],"iteration":374,"passed_time":7.232576727,"remaining_time":12.05429455},
{"learn":[0.2194668305],"iteration":375,"passed_time":7.258408984,"remaining_time":12.04587023},
{"learn":[0.2193282754],"iteration":376,"passed_time":7.285050199,"remaining_time":12.03869038},
{"learn":[0.2191294427],"iteration":377,"passed_time":7.31095315,"remaining_time":12.03019275},
{"learn":[0.218986426],"iteration":378,"passed_time":7.33812096,"remaining_time":12.02367577},
{"learn":[0.2188048537],"iteration":379,"passed_time":7.364950957,"remaining_time":12.01649893},
{"learn":[0.2186782517],"iteration":380,"passed_time":7.390313862,"remaining_time":12.00683538},
{"learn":[0.2185739912],"iteration":381,"passed_time":7.416867614,"remaining_time":11.99901619},
{"learn":[0.2183754195],"iteration":382,"passed_time":7.442655255,"remaining_time":11.98986499},
{"learn":[0.218172976],"iteration":383,"passed_time":7.46919137,"remaining_time":11.98182782},
{"learn":[0.2179270775],"iteration":384,"passed_time":7.495895997,"remaining_time":11.97396373},
{"learn":[0.2178149148],"iteration":385,"passed_time":7.518888248,"remaining_time":11.96009685},
{"learn":[0.2176534896],"iteration":386,"passed_time":7.550478835,"remaining_time":11.95980239},
{"learn":[0.2175133451],"iteration":387,"passed_time":7.579645219,"remaining_time":11.95552287},
{"learn":[0.2173816361],"iteration":388,"passed_time":7.61149576,"remaining_time":11.95533139},
{"learn":[0.2170854481],"iteration":389,"passed_time":7.64098616,"remaining_time":11.95128604},
{"learn":[0.2169584065],"iteration":390,"passed_time":7.668274183,"remaining_time":11.94368025},
{"learn":[0.2168452823],"iteration":391,"passed_time":7.696183673,"remaining_time":11.93693794},
{"learn":[0.2166170752],"iteration":392,"passed_time":7.725362388,"remaining_time":11.93204827},
{"learn":[0.2163340251],"iteration":393,"passed_time":7.753938528,"remaining_time":11.9261085},
{"learn":[0.2162302528],"iteration":394,"passed_time":7.780993171,"remaining_time":11.91772372},
{"learn":[0.216105835],"iteration":395,"passed_time":7.80724062,"remaining_time":11.90801347},
{"learn":[0.2159364107],"iteration":396,"passed_time":7.832983759,"remaining_time":11.89745392},
{"learn":[0.2157870077],"iteration":397,"passed_time":7.858264108,"remaining_time":11.88611807},
{"learn":[0.2156583749],"iteration":398,"passed_time":7.883916985,"remaining_time":11.87527345},
{"learn":[0.2155355419],"iteration":399,"passed_time":7.909915478,"remaining_time":11.86487322},
{"learn":[0.2153720461],"iteration":400,"passed_time":7.935689809,"remaining_time":11.85406034},
{"learn":[0.2151911982],"iteration":401,"passed_time":7.96331689,"remaining_time":11.8459291},
{"learn":[0.2150156663],"iteration":402,"passed_time":7.991582861,"remaining_time":11.83864756},
{"learn":[0.2148018858],"iteration":403,"passed_time":8.017921987,"remaining_time":11.82841957},
{"learn":[0.2146535124],"iteration":404,"passed_time":8.045216135,"remaining_time":11.81951506},
{"learn":[0.2144348454],"iteration":405,"passed_time":8.072327066,"remaining_time":11.81025191},
{"learn":[0.2142302519],"iteration":406,"passed_time":8.098185895,"remaining_time":11.79907675},
{"learn":[0.2140707411],"iteration":407,"passed_time":8.124808981,"remaining_time":11.78893852},
{"learn":[0.2139395832],"iteration":408,"passed_time":8.151077373,"remaining_time":11.77820716},
{"learn":[0.2137485093],"iteration":409,"passed_time":8.177555874,"remaining_time":11.76770236},
{"learn":[0.2136254628],"iteration":410,"passed_time":8.203667558,"remaining_time":11.75659414},
{"learn":[0.2133782284],"iteration":411,"passed_time":8.22955096,"remaining_time":11.74508729},
{"learn":[0.2132039589],"iteration":412,"passed_time":8.256893454,"remaining_time":11.73558464},
{"learn":[0.2130401326],"iteration":413,"passed_time":8.283765205,"remaining_time":11.72532949},
{"learn":[0.2129244293],"iteration":414,"passed_time":8.309911071,"remaining_time":11.71397103},
{"learn":[0.212761037],"iteration":415,"passed_time":8.335849629,"remaining_time":11.70225044},
{"learn":[0.2126488349],"iteration":416,"passed_time":8.362364802,"remaining_time":11.69126782},
{"learn":[0.2125255934],"iteration":417,"passed_time":8.390160616,"remaining_time":11.68199397},
{"learn":[0.212394424],"iteration":418,"passed_time":8.417214604,"remaining_time":11.67160307},
{"learn":[0.2123030395],"iteration":419,"passed_time":8.443546945,"remaining_time":11.66013626},
{"learn":[0.2121020729],"iteration":420,"passed_time":8.469834074,"remaining_time":11.64853665},
{"learn":[0.2118276291],"iteration":421,"passed_time":8.497146083,"remaining_time":11.63827118},
{"learn":[0.211691895],"iteration":422,"passed_time":8.522197821,"remaining_time":11.62484194},
{"learn":[0.2115643604],"iteration":423,"passed_time":8.549908451,"remaining_time":11.61496997},
{"learn":[0.2110787372],"iteration":424,"passed_time":8.578355551,"remaining_time":11.60601045},
{"learn":[0.2108597232],"iteration":425,"passed_time":8.604694059,"remaining_time":11.59411829},
{"learn":[0.2106618665],"iteration":426,"passed_time":8.631347056,"remaining_time":11.58258048},
{"learn":[0.2103952972],"iteration":427,"passed_time":8.658111949,"remaining_time":11.57112158},
{"learn":[0.210226301],"iteration":428,"passed_time":8.684468599,"remaining_time":11.55904795},
{"learn":[0.2100203503],"iteration":429,"passed_time":8.710131832,"remaining_time":11.54598871},
{"learn":[0.2099067125],"iteration":430,"passed_time":8.736506616,"remaining_time":11.53381036},
{"learn":[0.209781759],"iteration":431,"passed_time":8.76245738,"remaining_time":11.52100878},
{"learn":[0.2096434603],"iteration":432,"passed_time":8.789324365,"remaining_time":11.50934622},
{"learn":[0.2095746406],"iteration":433,"passed_time":8.818669471,"remaining_time":11.50084544},
{"learn":[0.2094924996],"iteration":434,"passed_time":8.845822279,"remaining_time":11.48940135},
{"learn":[0.2093686091],"iteration":435,"passed_time":8.871828269,"remaining_time":11.47640171},
{"learn":[0.2092849997],"iteration":436,"passed_time":8.897182762,"remaining_time":11.46250319},
{"learn":[0.209146035],"iteration":437,"passed_time":8.925287909,"remaining_time":11.45208175},
{"learn":[0.2089786349],"iteration":438,"passed_time":8.951675974,"remaining_time":11.43938547},
{"learn":[0.2087765421],"iteration":439,"passed_time":8.977810042,"remaining_time":11.42630369},
{"learn":[0.2086427599],"iteration":440,"passed_time":9.003927453,"remaining_time":11.4131416},
{"learn":[0.2084317239],"iteration":441,"passed_time":9.029800233,"remaining_time":11.39961206},
{"learn":[0.2082363594],"iteration":442,"passed_time":9.053472967,"remaining_time":11.38326059},
{"learn":[0.2081230328],"iteration":443,"passed_time":9.081423596,"remaining_time":11.37223315},
{"learn":[0.2079796619],"iteration":444,"passed_time":9.106970047,"remaining_time":11.35813118},
{"learn":[0.2078517224],"iteration":445,"passed_time":9.132197251,"remaining_time":11.34358134},
{"learn":[0.2077301804],"iteration":446,"passed_time":9.15886903,"remaining_time":11.33077086},
{"learn":[0.2075987473],"iteration":447,"passed_time":9.184856161,"remaining_time":11.31705491},
{"learn":[0.2074569558],"iteration":448,"passed_time":9.211460277,"remaining_time":11.30404145},
{"learn":[0.2073241633],"iteration":449,"passed_time":9.240264001,"remaining_time":11.293656},
{"learn":[0.2072292174],"iteration":450,"passed_time":9.265391154,"remaining_time":11.2787134},
{"learn":[0.2071098963],"iteration":451,"passed_time":9.291692344,"remaining_time":11.26514913},
{"learn":[0.2069955854],"iteration":452,"passed_time":9.318041416,"remaining_time":11.25158643},
{"learn":[0.2068967637],"iteration":453,"passed_time":9.344535493,"remaining_time":11.2381418},
{"learn":[0.2067632107],"iteration":454,"passed_time":9.371501707,"remaining_time":11.22520534},
{"learn":[0.2066408745],"iteration":455,"passed_time":9.397048651,"remaining_time":11.21051418},
{"learn":[0.2065388188],"iteration":456,"passed_time":9.423410974,"remaining_time":11.19674433},
{"learn":[0.2064564718],"iteration":457,"passed_time":9.448995384,"remaining_time":11.1819989},
{"learn":[0.2063299099],"iteration":458,"passed_time":9.47570666,"remaining_time":11.16853443},
{"learn":[0.2061274094],"iteration":459,"passed_time":9.499434719,"remaining_time":11.15151032},
{"learn":[0.2060113787],"iteration":460,"passed_time":9.526465757,"remaining_time":11.13831897},
{"learn":[0.2058992004],"iteration":461,"passed_time":9.553037799,"remaining_time":11.12453319},
{"learn":[0.205614684],"iteration":462,"passed_time":9.579036187,"remaining_time":11.11002685},
{"learn":[0.205366037],"iteration":463,"passed_time":9.605820735,"remaining_time":11.09637913},
{"learn":[0.2052541682],"iteration":464,"passed_time":9.634874109,"remaining_time":11.08528527},
{"learn":[0.205150773],"iteration":465,"passed_time":9.661807576,"remaining_time":11.07168508},
{"learn":[0.2050691469],"iteration":466,"passed_time":9.687016739,"remaining_time":11.05605979},
{"learn":[0.2049713999],"iteration":467,"passed_time":9.713119866,"remaining_time":11.04140976},
{"learn":[0.2048664021],"iteration":468,"passed_time":9.739147025,"remaining_time":11.02662488},
{"learn":[0.2047150214],"iteration":469,"passed_time":9.765930114,"remaining_time":11.0126446},
{"learn":[0.2044791046],"iteration":470,"passed_time":9.791597069,"remaining_time":10.99735637},
{"learn":[0.2043540684],"iteration":471,"passed_time":9.818391102,"remaining_time":10.98328496},
{"learn":[0.2042293333],"iteration":472,"passed_time":9.844549503,"remaining_time":10.96845156},
{"learn":[0.2041202987],"iteration":473,"passed_time":9.871005498,"remaining_time":10.95390062},
{"learn":[0.2039304102],"iteration":474,"passed_time":9.897588763,"remaining_time":10.93944021},
{"learn":[0.2038348433],"iteration":475,"passed_time":9.92368786,"remaining_time":10.92439588},
{"learn":[0.2036494334],"iteration":476,"passed_time":9.949963606,"remaining_time":10.90949888},
{"learn":[0.2034439186],"iteration":477,"passed_time":9.976530544,"remaining_time":10.89487227},
{"learn":[0.203172616],"iteration":478,"passed_time":10.00442582,"remaining_time":10.88164061},
{"learn":[0.203055852],"iteration":479,"passed_time":10.03207082,"remaining_time":10.86807672},
{"learn":[0.2029343928],"iteration":480,"passed_time":10.05993545,"remaining_time":10.85469126},
{"learn":[0.2028203888],"iteration":481,"passed_time":10.08734174,"remaining_time":10.84075316},
{"learn":[0.2026840085],"iteration":482,"passed_time":10.11402847,"remaining_time":10.82598907},
{"learn":[0.2024706506],"iteration":483,"passed_time":10.14224767,"remaining_time":10.8128095},
{"learn":[0.202340451],"iteration":484,"passed_time":10.16869649,"remaining_time":10.79768803},
{"learn":[0.2021787709],"iteration":485,"passed_time":10.19478306,"remaining_time":10.78213682},
{"learn":[0.2020653455],"iteration":486,"passed_time":10.22177182,"remaining_time":10.7674927},
{"learn":[0.2018843943],"iteration":487,"passed_time":10.24950717,"remaining_time":10.75358129},
{"learn":[0.2017770852],"iteration":488,"passed_time":10.27622671,"remaining_time":10.73855183},
{"learn":[0.2015855702],"iteration":489,"passed_time":10.30171351,"remaining_time":10.72219161},
{"learn":[0.2014078657],"iteration":490,"passed_time":10.32886018,"remaining_time":10.70751493},
{"learn":[0.2012725048],"iteration":491,"passed_time":10.35606265,"remaining_time":10.69284518},
{"learn":[0.2011641449],"iteration":492,"passed_time":10.38068962,"remaining_time":10.67547594},
{"learn":[0.2009894539],"iteration":493,"passed_time":10.40578043,"remaining_time":10.65855243},
{"learn":[0.2008837398],"iteration":494,"passed_time":10.43174432,"remaining_time":10.64248663},
{"learn":[0.2004915333],"iteration":495,"passed_time":10.45884552,"remaining_time":10.62753657},
{"learn":[0.2003942493],"iteration":496,"passed_time":10.48540216,"remaining_time":10.6119865},
{"learn":[0.200255557],"iteration":497,"passed_time":10.51306412,"remaining_time":10.5975064},
{"learn":[0.2001566564],"iteration":498,"passed_time":10.54132123,"remaining_time":10.58357102},
{"learn":[0.2000742191],"iteration":499,"passed_time":10.56810976,"remaining_time":10.56810976},
{"learn":[0.2000051391],"iteration":500,"passed_time":10.5942625,"remaining_time":10.55197003},
{"learn":[0.1998692956],"iteration":501,"passed_time":10.62051797,"remaining_time":10.53589232},
{"learn":[0.1997420649],"iteration":502,"passed_time":10.64819848,"remaining_time":10.5211822},
{"learn":[0.1995850475],"iteration":503,"passed_time":10.67536271,"remaining_time":10.5059125},
{"learn":[0.1994786997],"iteration":504,"passed_time":10.70264827,"remaining_time":10.49071464},
{"learn":[0.199246577],"iteration":505,"passed_time":10.72909878,"remaining_time":10.47465375},
{"learn":[0.1991635401],"iteration":506,"passed_time":10.75608947,"remaining_time":10.45907713},
{"learn":[0.1990581951],"iteration":507,"passed_time":10.78220861,"remaining_time":10.44261149},
{"learn":[0.198952146],"iteration":508,"passed_time":10.8085356,"remaining_time":10.42630841},
{"learn":[0.1988313292],"iteration":509,"passed_time":10.83524623,"remaining_time":10.41033461},
{"learn":[0.1987106769],"iteration":510,"passed_time":10.86201046,"remaining_time":10.39437009},
{"learn":[0.1985500772],"iteration":511,"passed_time":10.89316521,"remaining_time":10.38254809},
{"learn":[0.1983683185],"iteration":512,"passed_time":10.92313079,"remaining_time":10.36952182},
{"learn":[0.1982198194],"iteration":513,"passed_time":10.95006827,"remaining_time":10.35356649},
{"learn":[0.1980634672],"iteration":514,"passed_time":10.97714312,"remaining_time":10.33769789},
{"learn":[0.1978712594],"iteration":515,"passed_time":11.00339361,"remaining_time":10.32101261},
{"learn":[0.19778645],"iteration":516,"passed_time":11.03034896,"remaining_time":10.30494884},
{"learn":[0.1976500369],"iteration":517,"passed_time":11.05772202,"remaining_time":10.28923169},
{"learn":[0.1975395388],"iteration":518,"passed_time":11.08255218,"remaining_time":10.27111291},
{"learn":[0.1974228572],"iteration":519,"passed_time":11.1082776,"remaining_time":10.25379471},
{"learn":[0.1973252039],"iteration":520,"passed_time":11.13680077,"remaining_time":10.23901644},
{"learn":[0.1972265463],"iteration":521,"passed_time":11.16388472,"remaining_time":10.22286762},
{"learn":[0.197134006],"iteration":522,"passed_time":11.1901206,"remaining_time":10.2059035},
{"learn":[0.1970272178],"iteration":523,"passed_time":11.21677452,"remaining_time":10.18928372},
{"learn":[0.1968882623],"iteration":524,"passed_time":11.24293982,"remaining_time":10.17218365},
{"learn":[0.1967295891],"iteration":525,"passed_time":11.26816527,"remaining_time":10.15420216},
{"learn":[0.1965962519],"iteration":526,"passed_time":11.2908067,"remaining_time":10.13387395},
{"learn":[0.1964742596],"iteration":527,"passed_time":11.32355545,"remaining_time":10.1225723},
{"learn":[0.1963385208],"iteration":528,"passed_time":11.34440313,"remaining_time":10.10059334},
{"learn":[0.196190421],"iteration":529,"passed_time":11.37166576,"remaining_time":10.08430737},
{"learn":[0.1960650654],"iteration":530,"passed_time":11.40101571,"remaining_time":10.06982366},
{"learn":[0.1959544309],"iteration":531,"passed_time":11.43005573,"remaining_time":10.05501143},
{"learn":[0.1958705387],"iteration":532,"passed_time":11.45732721,"remaining_time":10.03859626},
{"learn":[0.1957325762],"iteration":533,"passed_time":11.49060366,"remaining_time":10.02738072},
{"learn":[0.1955940972],"iteration":534,"passed_time":11.52449009,"remaining_time":10.01661288},
{"learn":[0.1955049861],"iteration":535,"passed_time":11.55247198,"remaining_time":10.00064739},
{"learn":[0.1953675008],"iteration":536,"passed_time":11.57917255,"remaining_time":9.983532386},
{"learn":[0.1952431979],"iteration":537,"passed_time":11.60728569,"remaining_time":9.967594778},
{"learn":[0.1951417065],"iteration":538,"passed_time":11.63330562,"remaining_time":9.949821691},
{"learn":[0.1948560939],"iteration":539,"passed_time":11.65826875,"remaining_time":9.931117826},
{"learn":[0.1947400514],"iteration":540,"passed_time":11.68283345,"remaining_time":9.912052779},
{"learn":[0.1946414586],"iteration":541,"passed_time":11.70732733,"remaining_time":9.892907594},
{"learn":[0.1945270762],"iteration":542,"passed_time":11.73173799,"remaining_time":9.873672672},
{"learn":[0.1943962039],"iteration":543,"passed_time":11.7573269,"remaining_time":9.855406376},
{"learn":[0.194291414],"iteration":544,"passed_time":11.78244351,"remaining_time":9.836718892},
{"learn":[0.1941613068],"iteration":545,"passed_time":11.80948383,"remaining_time":9.819607435},
{"learn":[0.1939830644],"iteration":546,"passed_time":11.83580025,"remaining_time":9.801860174},
{"learn":[0.1938223429],"iteration":547,"passed_time":11.86058616,"remaining_time":9.782819244},
{"learn":[0.1936708515],"iteration":548,"passed_time":11.88603562,"remaining_time":9.764302485},
{"learn":[0.1935166653],"iteration":549,"passed_time":11.91119275,"remaining_time":9.745521338},
{"learn":[0.1934324776],"iteration":550,"passed_time":11.93684372,"remaining_time":9.727119476},
{"learn":[0.1932855233],"iteration":551,"passed_time":11.96255293,"remaining_time":9.708738612},
{"learn":[0.1932247629],"iteration":552,"passed_time":11.98850036,"remaining_time":9.6905238},
{"learn":[0.1931208525],"iteration":553,"passed_time":12.01441996,"remaining_time":9.67225867},
{"learn":[0.1930018908],"iteration":554,"passed_time":12.04057527,"remaining_time":9.654154945},
{"learn":[0.1928793583],"iteration":555,"passed_time":12.06775888,"remaining_time":9.636843425},
{"learn":[0.1927510423],"iteration":556,"passed_time":12.09436771,"remaining_time":9.619039313},
{"learn":[0.1926958096],"iteration":557,"passed_time":12.11869346,"remaining_time":9.59939518},
{"learn":[0.1926184188],"iteration":558,"passed_time":12.14442607,"remaining_time":9.580844181},
{"learn":[0.192535136],"iteration":559,"passed_time":12.16886444,"remaining_time":9.561250629},
{"learn":[0.1923512616],"iteration":560,"passed_time":12.19414046,"remaining_time":9.542295299},
{"learn":[0.1922084732],"iteration":561,"passed_time":12.22164397,"remaining_time":9.525053485},
{"learn":[0.1920470593],"iteration":562,"passed_time":12.24791424,"remaining_time":9.506817982},
{"learn":[0.1919076902],"iteration":563,"passed_time":12.27342907,"remaining_time":9.487969994},
{"learn":[0.1917532953],"iteration":564,"passed_time":12.29783694,"remaining_time":9.468246139},
{"learn":[0.1915701403],"iteration":565,"passed_time":12.32269128,"remaining_time":9.448848081},
{"learn":[0.1914153878],"iteration":566,"passed_time":12.34914703,"remaining_time":9.430653725},
{"learn":[0.1913114277],"iteration":567,"passed_time":12.37396058,"remaining_time":9.411181286},
{"learn":[0.1912164599],"iteration":568,"passed_time":12.39940065,"remaining_time":9.392164639},
{"learn":[0.1911380544],"iteration":569,"passed_time":12.42464114,"remaining_time":9.372974897},
{"learn":[0.1909657912],"iteration":570,"passed_time":12.45206323,"remaining_time":9.355403022},
{"learn":[0.1908777587],"iteration":571,"passed_time":12.47502321,"remaining_time":9.334457929},
{"learn":[0.1907240507],"iteration":572,"passed_time":12.50159223,"remaining_time":9.31619526},
{"learn":[0.1904543874],"iteration":573,"passed_time":12.52938353,"remaining_time":9.298810776},
{"learn":[0.1903255945],"iteration":574,"passed_time":12.55441312,"remaining_time":9.279348826},
{"learn":[0.1901519614],"iteration":575,"passed_time":12.58165016,"remaining_time":9.261492477},
{"learn":[0.1900727835],"iteration":576,"passed_time":12.6095792,"remaining_time":9.244110925},
{"learn":[0.1899379925],"iteration":577,"passed_time":12.63884235,"remaining_time":9.227666907},
{"learn":[0.1898343717],"iteration":578,"passed_time":12.66484341,"remaining_time":9.208806695},
{"learn":[0.1897484676],"iteration":579,"passed_time":12.69232161,"remaining_time":9.190991508},
{"learn":[0.189663452],"iteration":580,"passed_time":12.71665154,"remaining_time":9.170872624},
{"learn":[0.1895807404],"iteration":581,"passed_time":12.74245237,"remaining_time":9.151795687},
{"learn":[0.189461054],"iteration":582,"passed_time":12.76878396,"remaining_time":9.133075317},
{"learn":[0.1893445414],"iteration":583,"passed_time":12.79417443,"remaining_time":9.113658496},
{"learn":[0.1892651172],"iteration":584,"passed_time":12.81990977,"remaining_time":9.094465908},
{"learn":[0.1891395718],"iteration":585,"passed_time":12.8454681,"remaining_time":9.07512593},
{"learn":[0.1890703051],"iteration":586,"passed_time":12.8731304,"remaining_time":9.057245067},
{"learn":[0.1889508415],"iteration":587,"passed_time":12.89963816,"remaining_time":9.038521975},
{"learn":[0.1888204143],"iteration":588,"passed_time":12.92521034,"remaining_time":9.019119608},
{"learn":[0.1886721934],"iteration":589,"passed_time":12.95097033,"remaining_time":8.999826837},
{"learn":[0.1886233055],"iteration":590,"passed_time":12.9768576,"remaining_time":8.980600271},
{"learn":[0.1884556935],"iteration":591,"passed_time":13.0039584,"remaining_time":8.962187548},
{"learn":[0.1883360934],"iteration":592,"passed_time":13.03175353,"remaining_time":8.94422207},
{"learn":[0.1881922147],"iteration":593,"passed_time":13.05594078,"remaining_time":8.923757503},
{"learn":[0.1881057227],"iteration":594,"passed_time":13.07979999,"remaining_time":8.903057135},
{"learn":[0.1879706181],"iteration":595,"passed_time":13.10534876,"remaining_time":8.883491441},
{"learn":[0.1876393492],"iteration":596,"passed_time":13.13177246,"remaining_time":8.864496316},
{"learn":[0.1875401376],"iteration":597,"passed_time":13.15737807,"remaining_time":8.844926393},
{"learn":[0.1874262594],"iteration":598,"passed_time":13.18536598,"remaining_time":8.826931152},
{"learn":[0.1873340356],"iteration":599,"passed_time":13.2100056,"remaining_time":8.806670403},
{"learn":[0.1872492118],"iteration":600,"passed_time":13.23532573,"remaining_time":8.786846866},
{"learn":[0.1871513586],"iteration":601,"passed_time":13.259295,"remaining_time":8.766111977},
{"learn":[0.1870338399],"iteration":602,"passed_time":13.28612708,"remaining_time":8.747251162},
{"learn":[0.1869381686],"iteration":603,"passed_time":13.31264174,"remaining_time":8.728155841},
{"learn":[0.1868009475],"iteration":604,"passed_time":13.33828211,"remaining_time":8.708465181},
{"learn":[0.1866912585],"iteration":605,"passed_time":13.36596339,"remaining_time":8.690081806},
{"learn":[0.1865956895],"iteration":606,"passed_time":13.3914391,"remaining_time":8.670239815},
{"learn":[0.1864632284],"iteration":607,"passed_time":13.41507474,"remaining_time":8.649192927},
{"learn":[0.1863125522],"iteration":608,"passed_time":13.44238646,"remaining_time":8.630497711},
{"learn":[0.1861795889],"iteration":609,"passed_time":13.46822351,"remaining_time":8.610831426},
{"learn":[0.1860678508],"iteration":610,"passed_time":13.49613737,"remaining_time":8.592467162},
{"learn":[0.1859829584],"iteration":611,"passed_time":13.5226489,"remaining_time":8.573182637},
{"learn":[0.1858721601],"iteration":612,"passed_time":13.54818318,"remaining_time":8.553257572},
{"learn":[0.185780818],"iteration":613,"passed_time":13.57391979,"remaining_time":8.533441434},
{"learn":[0.1856778016],"iteration":614,"passed_time":13.60227241,"remaining_time":8.515243706},
{"learn":[0.1854914662],"iteration":615,"passed_time":13.62921667,"remaining_time":8.496135068},
{"learn":[0.1853646904],"iteration":616,"passed_time":13.65557449,"remaining_time":8.476637001},
{"learn":[0.1852652021],"iteration":617,"passed_time":13.68125773,"remaining_time":8.456699763},
{"learn":[0.1851449944],"iteration":618,"passed_time":13.7074591,"remaining_time":8.437062868},
{"learn":[0.1850588406],"iteration":619,"passed_time":13.73300346,"remaining_time":8.41700212},
{"learn":[0.1849659136],"iteration":620,"passed_time":13.75882485,"remaining_time":8.397092785},
{"learn":[0.1847862713],"iteration":621,"passed_time":13.78234761,"remaining_time":8.37576752},
{"learn":[0.18470725],"iteration":622,"passed_time":13.80990143,"remaining_time":8.356874542},
{"learn":[0.1845578225],"iteration":623,"passed_time":13.83653479,"remaining_time":8.33739917},
{"learn":[0.1844242948],"iteration":624,"passed_time":13.86453377,"remaining_time":8.318720264},
{"learn":[0.1843343242],"iteration":625,"passed_time":13.89041965,"remaining_time":8.298749117},
{"learn":[0.1842583178],"iteration":626,"passed_time":13.91570764,"remaining_time":8.278403426},
{"learn":[0.1841608685],"iteration":627,"passed_time":13.94152078,"remaining_time":8.258353075},
{"learn":[0.1840073716],"iteration":628,"passed_time":13.96846246,"remaining_time":8.238950035},
{"learn":[0.1838621264],"iteration":629,"passed_time":13.99501382,"remaining_time":8.21929383},
{"learn":[0.1837759189],"iteration":630,"passed_time":14.02339596,"remaining_time":8.200686383},
{"learn":[0.1837213197],"iteration":631,"passed_time":14.04899119,"remaining_time":8.180425247},
{"learn":[0.1836278854],"iteration":632,"passed_time":14.07613895,"remaining_time":8.161047388},
{"learn":[0.1835266461],"iteration":633,"passed_time":14.10161746,"remaining_time":8.140681375},
{"learn":[0.1834322999],"iteration":634,"passed_time":14.13114646,"remaining_time":8.122627492},
{"learn":[0.1833620302],"iteration":635,"passed_time":14.15669383,"remaining_time":8.102258731},
{"learn":[0.1832581862],"iteration":636,"passed_time":14.18244076,"remaining_time":8.081987437},
{"learn":[0.1831850789],"iteration":637,"passed_time":14.20850732,"remaining_time":8.06188033},
{"learn":[0.1830837549],"iteration":638,"passed_time":14.23366744,"remaining_time":8.041242481},
{"learn":[0.1828948946],"iteration":639,"passed_time":14.26110068,"remaining_time":8.021869131},
{"learn":[0.1828083717],"iteration":640,"passed_time":14.28913929,"remaining_time":8.002809682},
{"learn":[0.1827011581],"iteration":641,"passed_time":14.31467203,"remaining_time":7.982324903},
{"learn":[0.182610303],"iteration":642,"passed_time":14.34097392,"remaining_time":7.96225146},
{"learn":[0.1825519194],"iteration":643,"passed_time":14.3656606,"remaining_time":7.941265795},
{"learn":[0.1824425298],"iteration":644,"passed_time":14.39173314,"remaining_time":7.921031419},
{"learn":[0.1823585904],"iteration":645,"passed_time":14.41616113,"remaining_time":7.899877769},
{"learn":[0.1822604509],"iteration":646,"passed_time":14.44047519,"remaining_time":7.87865184},
{"learn":[0.1821597502],"iteration":647,"passed_time":14.46626255,"remaining_time":7.858216693},
{"learn":[0.1820439993],"iteration":648,"passed_time":14.49281621,"remaining_time":7.83817949},
{"learn":[0.1819568069],"iteration":649,"passed_time":14.51974538,"remaining_time":7.818324436},
{"learn":[0.1818391048],"iteration":650,"passed_time":14.54515806,"remaining_time":7.797634659},
{"learn":[0.181766014],"iteration":651,"passed_time":14.57085887,"remaining_time":7.777084183},
{"learn":[0.1816917629],"iteration":652,"passed_time":14.59645218,"remaining_time":7.756460805},
{"learn":[0.1815713838],"iteration":653,"passed_time":14.62173566,"remaining_time":7.735658315},
{"learn":[0.181425306],"iteration":654,"passed_time":14.64780122,"remaining_time":7.715254076},
{"learn":[0.1813558357],"iteration":655,"passed_time":14.67323015,"remaining_time":7.694498739},
{"learn":[0.1812839755],"iteration":656,"passed_time":14.70070149,"remaining_time":7.674795452},
{"learn":[0.1811570609],"iteration":657,"passed_time":14.72667446,"remaining_time":7.654289765},
{"learn":[0.181078939],"iteration":658,"passed_time":14.75224649,"remaining_time":7.63356002},
{"learn":[0.1810086513],"iteration":659,"passed_time":14.77884388,"remaining_time":7.613343815},
{"learn":[0.180920086],"iteration":660,"passed_time":14.80524368,"remaining_time":7.593006972},
{"learn":[0.180791255],"iteration":661,"passed_time":14.83124631,"remaining_time":7.572449024},
{"learn":[0.180686106],"iteration":662,"passed_time":14.85722923,"remaining_time":7.551864632},
{"learn":[0.1806108467],"iteration":663,"passed_time":14.88351313,"remaining_time":7.531416283},
{"learn":[0.1804989985],"iteration":664,"passed_time":14.90935564,"remaining_time":7.510728028},
{"learn":[0.1802482171],"iteration":665,"passed_time":14.93601514,"remaining_time":7.490434022},
{"learn":[0.1801611094],"iteration":666,"passed_time":14.96125648,"remaining_time":7.469412906},
{"learn":[0.1800340983],"iteration":667,"passed_time":14.98647868,"remaining_time":7.448369645},
{"learn":[0.1799092701],"iteration":668,"passed_time":15.01168196,"remaining_time":7.427304528},
{"learn":[0.1798455917],"iteration":669,"passed_time":15.03794704,"remaining_time":7.406750037},
{"learn":[0.1797236185],"iteration":670,"passed_time":15.06379674,"remaining_time":7.385974856},
{"learn":[0.1796039651],"iteration":671,"passed_time":15.09111565,"remaining_time":7.365901686},
{"learn":[0.1794556747],"iteration":672,"passed_time":15.11759406,"remaining_time":7.345398598},
{"learn":[0.179346257],"iteration":673,"passed_time":15.14300877,"remaining_time":7.324363291},
{"learn":[0.1792593958],"iteration":674,"passed_time":15.16836063,"remaining_time":7.303284747},
{"learn":[0.1790814724],"iteration":675,"passed_time":15.19419266,"remaining_time":7.2824237},
{"learn":[0.179007906],"iteration":676,"passed_time":15.2204355,"remaining_time":7.261743967},
{"learn":[0.1789234355],"iteration":677,"passed_time":15.24627555,"remaining_time":7.240856531},
{"learn":[0.178845263],"iteration":678,"passed_time":15.27309567,"remaining_time":7.220417835},
{"learn":[0.1787815149],"iteration":679,"passed_time":15.29928007,"remaining_time":7.199661211},
{"learn":[0.1787091764],"iteration":680,"passed_time":15.32431387,"remaining_time":7.178349667},
{"learn":[0.1786025986],"iteration":681,"passed_time":15.35111274,"remaining_time":7.157850221},
{"learn":[0.1785161927],"iteration":682,"passed_time":15.37757193,"remaining_time":7.137174674},
{"learn":[0.1783558415],"iteration":683,"passed_time":15.40381873,"remaining_time":7.116384091},
{"learn":[0.1782375189],"iteration":684,"passed_time":15.4262439,"remaining_time":7.093820185},
{"learn":[0.1781442716],"iteration":685,"passed_time":15.45344307,"remaining_time":7.073441871},
{"learn":[0.1780525846],"iteration":686,"passed_time":15.48041028,"remaining_time":7.052938016},
{"learn":[0.1779830706],"iteration":687,"passed_time":15.50847046,"remaining_time":7.032911023},
{"learn":[0.1778661132],"iteration":688,"passed_time":15.53445898,"remaining_time":7.011925605},
{"learn":[0.1777588902],"iteration":689,"passed_time":15.56011176,"remaining_time":6.990774849},
{"learn":[0.1776549463],"iteration":690,"passed_time":15.58535548,"remaining_time":6.969428139},
{"learn":[0.1775849822],"iteration":691,"passed_time":15.61116568,"remaining_time":6.948322297},
{"learn":[0.177427274],"iteration":692,"passed_time":15.63599114,"remaining_time":6.926766638},
{"learn":[0.1773508412],"iteration":693,"passed_time":15.66400056,"remaining_time":6.906605433},
{"learn":[0.1772849805],"iteration":694,"passed_time":15.6924464,"remaining_time":6.886613168},
{"learn":[0.1771879993],"iteration":695,"passed_time":15.72255802,"remaining_time":6.867324195},
{"learn":[0.1771163743],"iteration":696,"passed_time":15.75161712,"remaining_time":6.847546612},
{"learn":[0.1770501625],"iteration":697,"passed_time":15.77929754,"remaining_time":6.827145929},
{"learn":[0.1769863792],"iteration":698,"passed_time":15.80700673,"remaining_time":6.806736804},
{"learn":[0.1768574783],"iteration":699,"passed_time":15.83559526,"remaining_time":6.786683681},
{"learn":[0.1767567917],"iteration":700,"passed_time":15.8627067,"remaining_time":6.76597618},
{"learn":[0.1766502405],"iteration":701,"passed_time":15.89084377,"remaining_time":6.745685816},
{"learn":[0.1765696439],"iteration":702,"passed_time":15.91880673,"remaining_time":6.725299572},
{"learn":[0.1764459423],"iteration":703,"passed_time":15.9453056,"remaining_time":6.70427622},
{"learn":[0.1763386838],"iteration":704,"passed_time":15.97148218,"remaining_time":6.683102472},
{"learn":[0.1762589628],"iteration":705,"passed_time":15.99721208,"remaining_time":6.661728542},
{"learn":[0.1761296817],"iteration":706,"passed_time":16.02223811,"remaining_time":6.640050587},
{"learn":[0.1760519069],"iteration":707,"passed_time":16.04860826,"remaining_time":6.618917531},
{"learn":[0.175979274],"iteration":708,"passed_time":16.07584975,"remaining_time":6.598127329},
{"learn":[0.1757790947],"iteration":709,"passed_time":16.10102665,"remaining_time":6.576475674},
{"learn":[0.1757166071],"iteration":710,"passed_time":16.12720632,"remaining_time":6.555221699},
{"learn":[0.1755511416],"iteration":711,"passed_time":16.15419151,"remaining_time":6.534279712},
{"learn":[0.1754727095],"iteration":712,"passed_time":16.1814508,"remaining_time":6.513431109},
{"learn":[0.1753210888],"iteration":713,"passed_time":16.20884112,"remaining_time":6.492617029},
{"learn":[0.175242698],"iteration":714,"passed_time":16.23359806,"remaining_time":6.470734891},
{"learn":[0.1751407606],"iteration":715,"passed_time":16.25923442,"remaining_time":6.44919354},
{"learn":[0.1750691293],"iteration":716,"passed_time":16.28571382,"remaining_time":6.427973516},
{"learn":[0.1749973262],"iteration":717,"passed_time":16.31268177,"remaining_time":6.406930722},
{"learn":[0.1749070633],"iteration":718,"passed_time":16.34072597,"remaining_time":6.38629207},
{"learn":[0.1748324533],"iteration":719,"passed_time":16.36532111,"remaining_time":6.364291544},
{"learn":[0.1747073427],"iteration":720,"passed_time":16.39238913,"remaining_time":6.343240732},
{"learn":[0.1745930606],"iteration":721,"passed_time":16.41430487,"remaining_time":6.320189408},
{"learn":[0.174515748],"iteration":722,"passed_time":16.44123496,"remaining_time":6.299062358},
{"learn":[0.174463957],"iteration":723,"passed_time":16.46820414,"remaining_time":6.277934176},
{"learn":[0.1743285262],"iteration":724,"passed_time":16.49548716,"remaining_time":6.256908924},
{"learn":[0.1742223121],"iteration":725,"passed_time":16.52176076,"remaining_time":6.235485467},
{"learn":[0.1741666676],"iteration":726,"passed_time":16.54631581,"remaining_time":6.213403323},
{"learn":[0.1740723588],"iteration":727,"passed_time":16.57386501,"remaining_time":6.192433081},
{"learn":[0.1739634526],"iteration":728,"passed_time":16.59915639,"remaining_time":6.17060546},
{"learn":[0.1738595241],"iteration":729,"passed_time":16.62491923,"remaining_time":6.148942728},
{"learn":[0.1737594623],"iteration":730,"passed_time":16.6500762,"remaining_time":6.127045825},
{"learn":[0.1736969774],"iteration":731,"passed_time":16.67565495,"remaining_time":6.105294435},
{"learn":[0.1736152151],"iteration":732,"passed_time":16.70343607,"remaining_time":6.084334832},
{"learn":[0.1735082337],"iteration":733,"passed_time":16.73037436,"remaining_time":6.0630512},
{"learn":[0.1734464369],"iteration":734,"passed_time":16.75656683,"remaining_time":6.041483279},
{"learn":[0.1733401219],"iteration":735,"passed_time":16.7841231,"remaining_time":6.020391982},
{"learn":[0.1732343969],"iteration":736,"passed_time":16.8103229,"remaining_time":5.998799082},
{"learn":[0.1731107829],"iteration":737,"passed_time":16.83818653,"remaining_time":5.977784378},
{"learn":[0.1730054664],"iteration":738,"passed_time":16.86520128,"remaining_time":5.956451332},
{"learn":[0.1729410703],"iteration":739,"passed_time":16.88994896,"remaining_time":5.934306391},
{"learn":[0.1728740635],"iteration":740,"passed_time":16.91670297,"remaining_time":5.912855693},
{"learn":[0.1727890586],"iteration":741,"passed_time":16.94209249,"remaining_time":5.890916257},
{"learn":[0.1727226171],"iteration":742,"passed_time":16.96764777,"remaining_time":5.869024868},
{"learn":[0.1726339533],"iteration":743,"passed_time":16.99346867,"remaining_time":5.847215027},
{"learn":[0.1725769114],"iteration":744,"passed_time":17.01820697,"remaining_time":5.825023863},
{"learn":[0.1725032383],"iteration":745,"passed_time":17.04314611,"remaining_time":5.802894251},
{"learn":[0.1724151684],"iteration":746,"passed_time":17.0677336,"remaining_time":5.78063802},
{"learn":[0.1723114481],"iteration":747,"passed_time":17.09274278,"remaining_time":5.758517621},
{"learn":[0.1722594075],"iteration":748,"passed_time":17.11701767,"remaining_time":5.736143439},
{"learn":[0.1721858662],"iteration":749,"passed_time":17.14440317,"remaining_time":5.714801056},
{"learn":[0.1721180897],"iteration":750,"passed_time":17.16955931,"remaining_time":5.692703419},
{"learn":[0.1720508058],"iteration":751,"passed_time":17.19594199,"remaining_time":5.671002146},
{"learn":[0.1719606175],"iteration":752,"passed_time":17.22015076,"remaining_time":5.64857535},
{"learn":[0.1718961743],"iteration":753,"passed_time":17.2457986,"remaining_time":5.626613338},
{"learn":[0.1717759718],"iteration":754,"passed_time":17.27086762,"remaining_time":5.604453733},
{"learn":[0.1716934519],"iteration":755,"passed_time":17.29723629,"remaining_time":5.582705891},
{"learn":[0.1716220604],"iteration":756,"passed_time":17.32315398,"remaining_time":5.560801078},
{"learn":[0.1715508927],"iteration":757,"passed_time":17.34991293,"remaining_time":5.53915426},
{"learn":[0.1714226412],"iteration":758,"passed_time":17.37511963,"remaining_time":5.517001096},
{"learn":[0.1712975019],"iteration":759,"passed_time":17.40022785,"remaining_time":5.494808796},
{"learn":[0.1712222776],"iteration":760,"passed_time":17.42733269,"remaining_time":5.47323589},
{"learn":[0.1711458312],"iteration":761,"passed_time":17.45269684,"remaining_time":5.451104786},
{"learn":[0.1710342402],"iteration":762,"passed_time":17.47873263,"remaining_time":5.42917383},
{"learn":[0.1709705104],"iteration":763,"passed_time":17.50310891,"remaining_time":5.406719506},
{"learn":[0.1708620612],"iteration":764,"passed_time":17.52938645,"remaining_time":5.384844203},
{"learn":[0.1707401235],"iteration":765,"passed_time":17.55764577,"remaining_time":5.363562806},
{"learn":[0.1706775261],"iteration":766,"passed_time":17.58349831,"remaining_time":5.34153208},
{"learn":[0.170617055],"iteration":767,"passed_time":17.60744596,"remaining_time":5.318915966},
{"learn":[0.1705331734],"iteration":768,"passed_time":17.63306572,"remaining_time":5.296798677},
{"learn":[0.1704043761],"iteration":769,"passed_time":17.65976459,"remaining_time":5.274994619},
{"learn":[0.1703093164],"iteration":770,"passed_time":17.68533396,"remaining_time":5.252842384},
{"learn":[0.1702202803],"iteration":771,"passed_time":17.71063861,"remaining_time":5.230603114},
{"learn":[0.1701607842],"iteration":772,"passed_time":17.73661369,"remaining_time":5.208552792},
{"learn":[0.1700730915],"iteration":773,"passed_time":17.76221688,"remaining_time":5.18638374},
{"learn":[0.170002469],"iteration":774,"passed_time":17.78716122,"remaining_time":5.164014547},
{"learn":[0.1699322074],"iteration":775,"passed_time":17.81285675,"remaining_time":5.141855556},
{"learn":[0.16985147],"iteration":776,"passed_time":17.83784678,"remaining_time":5.119484984},
{"learn":[0.1697516532],"iteration":777,"passed_time":17.86350307,"remaining_time":5.09729779},
{"learn":[0.1696726739],"iteration":778,"passed_time":17.88936677,"remaining_time":5.075160534},
{"learn":[0.1695347999],"iteration":779,"passed_time":17.91573778,"remaining_time":5.053156811},
{"learn":[0.1694243738],"iteration":780,"passed_time":17.94230178,"remaining_time":5.031196018},
{"learn":[0.1693463912],"iteration":781,"passed_time":17.9700253,"remaining_time":5.009546693},
{"learn":[0.1692777799],"iteration":782,"passed_time":17.99878812,"remaining_time":4.988169887},
{"learn":[0.1692368805],"iteration":783,"passed_time":18.0223012,"remaining_time":4.965327883},
{"learn":[0.1691778387],"iteration":784,"passed_time":18.04808037,"remaining_time":4.943104814},
{"learn":[0.169111776],"iteration":785,"passed_time":18.07361629,"remaining_time":4.920806472},
{"learn":[0.1690233581],"iteration":786,"passed_time":18.09972573,"remaining_time":4.898655122},
{"learn":[0.1689477138],"iteration":787,"passed_time":18.12478297,"remaining_time":4.876210648},
{"learn":[0.1688452092],"iteration":788,"passed_time":18.15018727,"remaining_time":4.853852363},
{"learn":[0.1687836431],"iteration":789,"passed_time":18.17478604,"remaining_time":4.831272238},
{"learn":[0.168717738],"iteration":790,"passed_time":18.20119252,"remaining_time":4.809164647},
{"learn":[0.168613748],"iteration":791,"passed_time":18.22752783,"remaining_time":4.78702751},
{"learn":[0.1685368138],"iteration":792,"passed_time":18.25428924,"remaining_time":4.764991013},
{"learn":[0.1684445199],"iteration":793,"passed_time":18.28078496,"remaining_time":4.74287368},
{"learn":[0.1683619812],"iteration":794,"passed_time":18.30594602,"remaining_time":4.720401176},
{"learn":[0.1682738516],"iteration":795,"passed_time":18.33155474,"remaining_time":4.698036642},
{"learn":[0.1681771946],"iteration":796,"passed_time":18.357141,"remaining_time":4.675658247},
{"learn":[0.1680746779],"iteration":797,"passed_time":18.38368906,"remaining_time":4.653515276},
{"learn":[0.167998039],"iteration":798,"passed_time":18.41087234,"remaining_time":4.631521077},
{"learn":[0.167907364],"iteration":799,"passed_time":18.43715794,"remaining_time":4.609289486},
{"learn":[0.1678303467],"iteration":800,"passed_time":18.46272755,"remaining_time":4.58686989},
{"learn":[0.1677402083],"iteration":801,"passed_time":18.48734784,"remaining_time":4.56420807},
{"learn":[0.1676729964],"iteration":802,"passed_time":18.51366264,"remaining_time":4.541957087},
{"learn":[0.1676082626],"iteration":803,"passed_time":18.53955365,"remaining_time":4.519592681},
{"learn":[0.1675240663],"iteration":804,"passed_time":18.56591223,"remaining_time":4.497332777},
{"learn":[0.167448201],"iteration":805,"passed_time":18.59318664,"remaining_time":4.475283136},
{"learn":[0.1673614969],"iteration":806,"passed_time":18.61807448,"remaining_time":4.452649783},
{"learn":[0.1673125849],"iteration":807,"passed_time":18.64298086,"remaining_time":4.430015254},
{"learn":[0.1671778215],"iteration":808,"passed_time":18.66799794,"remaining_time":4.407401244},
{"learn":[0.1671058196],"iteration":809,"passed_time":18.6940776,"remaining_time":4.385030549},
{"learn":[0.1669886183],"iteration":810,"passed_time":18.72018284,"remaining_time":4.362656666},
{"learn":[0.1668895871],"iteration":811,"passed_time":18.74600142,"remaining_time":4.340207225},
{"learn":[0.1668177087],"iteration":812,"passed_time":18.77193392,"remaining_time":4.317775699},
{"learn":[0.1667576512],"iteration":813,"passed_time":18.79707155,"remaining_time":4.295153941},
{"learn":[0.1666669885],"iteration":814,"passed_time":18.8258697,"remaining_time":4.273356925},
{"learn":[0.1666017154],"iteration":815,"passed_time":18.85087062,"remaining_time":4.250686513},
{"learn":[0.1665484056],"iteration":816,"passed_time":18.87600296,"remaining_time":4.228039832},
{"learn":[0.1664797188],"iteration":817,"passed_time":18.90163474,"remaining_time":4.205498193},
{"learn":[0.1662683706],"iteration":818,"passed_time":18.92908563,"remaining_time":4.183351037},
{"learn":[0.1662318027],"iteration":819,"passed_time":18.95531572,"remaining_time":4.160922963},
{"learn":[0.1661048345],"iteration":820,"passed_time":18.98197124,"remaining_time":4.138578382},
{"learn":[0.1660102251],"iteration":821,"passed_time":19.00895447,"remaining_time":4.116294278},
{"learn":[0.1659320226],"iteration":822,"passed_time":19.03630289,"remaining_time":4.094077292},
{"learn":[0.1658606951],"iteration":823,"passed_time":19.06207792,"remaining_time":4.071511788},
{"learn":[0.1657684139],"iteration":824,"passed_time":19.08835065,"remaining_time":4.049044077},
{"learn":[0.1657283498],"iteration":825,"passed_time":19.11314944,"remaining_time":4.026256662},
{"learn":[0.1656603721],"iteration":826,"passed_time":19.13975147,"remaining_time":4.003841602},
{"learn":[0.1655862792],"iteration":827,"passed_time":19.16786921,"remaining_time":3.981731284},
{"learn":[0.1655191396],"iteration":828,"passed_time":19.19422173,"remaining_time":3.95924236},
{"learn":[0.1654545545],"iteration":829,"passed_time":19.22091608,"remaining_time":3.936814137},
{"learn":[0.1653556773],"iteration":830,"passed_time":19.25028332,"remaining_time":3.914919232},
{"learn":[0.1652986884],"iteration":831,"passed_time":19.27569401,"remaining_time":3.892207444},
{"learn":[0.1652052272],"iteration":832,"passed_time":19.30216472,"remaining_time":3.86970169},
{"learn":[0.1651369221],"iteration":833,"passed_time":19.3277284,"remaining_time":3.847005893},
{"learn":[0.1650571773],"iteration":834,"passed_time":19.35400846,"remaining_time":3.824444785},
{"learn":[0.164958501],"iteration":835,"passed_time":19.37848637,"remaining_time":3.801521249},
{"learn":[0.1648967319],"iteration":836,"passed_time":19.40439363,"remaining_time":3.778872355},
{"learn":[0.1648039395],"iteration":837,"passed_time":19.43239993,"remaining_time":3.756621465},
{"learn":[0.1646759846],"iteration":838,"passed_time":19.45807787,"remaining_time":3.733910055},
{"learn":[0.1645891378],"iteration":839,"passed_time":19.48396027,"remaining_time":3.711230527},
{"learn":[0.1645101056],"iteration":840,"passed_time":19.51056202,"remaining_time":3.688679384},
{"learn":[0.1644302959],"iteration":841,"passed_time":19.53637693,"remaining_time":3.665970967},
{"learn":[0.1643590897],"iteration":842,"passed_time":19.56261193,"remaining_time":3.64333342},
{"learn":[0.1642695729],"iteration":843,"passed_time":19.58695082,"remaining_time":3.620336882},
{"learn":[0.1641497377],"iteration":844,"passed_time":19.61294082,"remaining_time":3.597640031},
{"learn":[0.1640563277],"iteration":845,"passed_time":19.6392558,"remaining_time":3.574994555},
{"learn":[0.1639968636],"iteration":846,"passed_time":19.6690279,"remaining_time":3.552964898},
{"learn":[0.1639272167],"iteration":847,"passed_time":19.69421067,"remaining_time":3.530094365},
{"learn":[0.1638093432],"iteration":848,"passed_time":19.71957684,"remaining_time":3.507251005},
{"learn":[0.1637027861],"iteration":849,"passed_time":19.74563424,"remaining_time":3.484523689},
{"learn":[0.1636193944],"iteration":850,"passed_time":19.77139332,"remaining_time":3.461736316},
{"learn":[0.1635299826],"iteration":851,"passed_time":19.79712955,"remaining_time":3.438937997},
{"learn":[0.1634700902],"iteration":852,"passed_time":19.82307134,"remaining_time":3.416168215},
{"learn":[0.1633190645],"iteration":853,"passed_time":19.85014621,"remaining_time":3.393584715},
{"learn":[0.1632348179],"iteration":854,"passed_time":19.8766677,"remaining_time":3.370896862},
{"learn":[0.1631798463],"iteration":855,"passed_time":19.90155031,"remaining_time":3.347924352},
{"learn":[0.1631235068],"iteration":856,"passed_time":19.92863869,"remaining_time":3.32531544},
{"learn":[0.1630509411],"iteration":857,"passed_time":19.95554173,"remaining_time":3.302665414},
{"learn":[0.1629975801],"iteration":858,"passed_time":19.98155243,"remaining_time":3.279859013},
{"learn":[0.1629318469],"iteration":859,"passed_time":20.00757934,"remaining_time":3.2570478},
{"learn":[0.1627868],"iteration":860,"passed_time":20.03321038,"remaining_time":3.234165207},
{"learn":[0.1627214435],"iteration":861,"passed_time":20.0599966,"remaining_time":3.211461173},
{"learn":[0.1626579863],"iteration":862,"passed_time":20.08931941,"remaining_time":3.189150358},
{"learn":[0.1625741515],"iteration":863,"passed_time":20.11506866,"remaining_time":3.166260808},
{"learn":[0.1623627282],"iteration":864,"passed_time":20.1400092,"remaining_time":3.14323843},
{"learn":[0.1622818102],"iteration":865,"passed_time":20.16546712,"remaining_time":3.120291679},
{"learn":[0.1622027288],"iteration":866,"passed_time":20.19216,"remaining_time":3.097528581},
{"learn":[0.1620741076],"iteration":867,"passed_time":20.21979115,"remaining_time":3.074899116},
{"learn":[0.1619676406],"iteration":868,"passed_time":20.2460956,"remaining_time":3.05205814},
{"learn":[0.161852684],"iteration":869,"passed_time":20.27321872,"remaining_time":3.029331533},
{"learn":[0.1617785801],"iteration":870,"passed_time":20.29799164,"remaining_time":3.006246753},
{"learn":[0.16169881],"iteration":871,"passed_time":20.32308727,"remaining_time":2.98320547},
{"learn":[0.1616262198],"iteration":872,"passed_time":20.34990892,"remaining_time":2.960410575},
{"learn":[0.161485661],"iteration":873,"passed_time":20.37606925,"remaining_time":2.937511127},
{"learn":[0.1614081123],"iteration":874,"passed_time":20.40236993,"remaining_time":2.914624276},
{"learn":[0.1613164156],"iteration":875,"passed_time":20.42687565,"remaining_time":2.891475548},
{"learn":[0.1612199485],"iteration":876,"passed_time":20.45246588,"remaining_time":2.868475831},
{"learn":[0.1611372709],"iteration":877,"passed_time":20.47935123,"remaining_time":2.845650171},
{"learn":[0.1610426451],"iteration":878,"passed_time":20.50761795,"remaining_time":2.823005428},
{"learn":[0.1609823201],"iteration":879,"passed_time":20.53421117,"remaining_time":2.800119704},
{"learn":[0.1608858844],"iteration":880,"passed_time":20.56039006,"remaining_time":2.777169599},
{"learn":[0.1608413495],"iteration":881,"passed_time":20.58658864,"remaining_time":2.754214806},
{"learn":[0.160742909],"iteration":882,"passed_time":20.61124525,"remaining_time":2.731048351},
{"learn":[0.1606857962],"iteration":883,"passed_time":20.63818616,"remaining_time":2.708178274},
{"learn":[0.1605818846],"iteration":884,"passed_time":20.66478427,"remaining_time":2.685254453},
{"learn":[0.1605050984],"iteration":885,"passed_time":20.69067458,"remaining_time":2.662231266},
{"learn":[0.1604293316],"iteration":886,"passed_time":20.71733831,"remaining_time":2.639300146},
{"learn":[0.1603425612],"iteration":887,"passed_time":20.74312796,"remaining_time":2.616250374},
{"learn":[0.1602608353],"iteration":888,"passed_time":20.76967062,"remaining_time":2.593288458},
{"learn":[0.1601995648],"iteration":889,"passed_time":20.79685385,"remaining_time":2.570397666},
{"learn":[0.1601302208],"iteration":890,"passed_time":20.82259748,"remaining_time":2.547321128},
{"learn":[0.160071544],"iteration":891,"passed_time":20.84748624,"remaining_time":2.524135105},
{"learn":[0.1600110995],"iteration":892,"passed_time":20.87137239,"remaining_time":2.500825135},
{"learn":[0.1599327585],"iteration":893,"passed_time":20.89815282,"remaining_time":2.477857046},
{"learn":[0.1598587358],"iteration":894,"passed_time":20.9260744,"remaining_time":2.455014315},
{"learn":[0.159807712],"iteration":895,"passed_time":20.95155955,"remaining_time":2.431877447},
{"learn":[0.1596623333],"iteration":896,"passed_time":20.97774861,"remaining_time":2.408816173},
{"learn":[0.1596196785],"iteration":897,"passed_time":21.00303124,"remaining_time":2.385644974},
{"learn":[0.1595699718],"iteration":898,"passed_time":21.02955333,"remaining_time":2.362608328},
{"learn":[0.1595250936],"iteration":899,"passed_time":21.05489552,"remaining_time":2.339432836},
{"learn":[0.1594608001],"iteration":900,"passed_time":21.08098325,"remaining_time":2.316334453},
{"learn":[0.1593324952],"iteration":901,"passed_time":21.10869628,"remaining_time":2.293406026},
{"learn":[0.1592557431],"iteration":902,"passed_time":21.13550896,"remaining_time":2.270370287},
{"learn":[0.1591511895],"iteration":903,"passed_time":21.16167553,"remaining_time":2.247257578},
{"learn":[0.1590979294],"iteration":904,"passed_time":21.18637442,"remaining_time":2.223984055},
{"learn":[0.1589972883],"iteration":905,"passed_time":21.21231492,"remaining_time":2.200836206},
{"learn":[0.1589068977],"iteration":906,"passed_time":21.2397601,"remaining_time":2.177836482},
{"learn":[0.1588240279],"iteration":907,"passed_time":21.26519217,"remaining_time":2.154622995},
{"learn":[0.1587481251],"iteration":908,"passed_time":21.29160454,"remaining_time":2.131502765},
{"learn":[0.1586708549],"iteration":909,"passed_time":21.3182931,"remaining_time":2.108402615},
{"learn":[0.1586080214],"iteration":910,"passed_time":21.34466334,"remaining_time":2.085263488},
{"learn":[0.1585426969],"iteration":911,"passed_time":21.37163831,"remaining_time":2.062175626},
{"learn":[0.1584315835],"iteration":912,"passed_time":21.39843857,"remaining_time":2.039062602},
{"learn":[0.158364678],"iteration":913,"passed_time":21.42479634,"remaining_time":2.015899875},
{"learn":[0.1582657804],"iteration":914,"passed_time":21.45151855,"remaining_time":1.992764018},
{"learn":[0.1581999262],"iteration":915,"passed_time":21.47783222,"remaining_time":1.969582868},
{"learn":[0.1580146363],"iteration":916,"passed_time":21.50274794,"remaining_time":1.946268352},
{"learn":[0.1579268935],"iteration":917,"passed_time":21.52777747,"remaining_time":1.922960514},
{"learn":[0.1578531147],"iteration":918,"passed_time":21.5537068,"remaining_time":1.899728238},
{"learn":[0.157791883],"iteration":919,"passed_time":21.57879119,"remaining_time":1.876416625},
{"learn":[0.1577025406],"iteration":920,"passed_time":21.60457897,"remaining_time":1.853161497},
{"learn":[0.157624067],"iteration":921,"passed_time":21.62992846,"remaining_time":1.829863796},
{"learn":[0.1575116719],"iteration":922,"passed_time":21.65532195,"remaining_time":1.80656532},
{"learn":[0.157391491],"iteration":923,"passed_time":21.68206475,"remaining_time":1.783373291},
{"learn":[0.1572909554],"iteration":924,"passed_time":21.70754031,"remaining_time":1.760070836},
{"learn":[0.1571579253],"iteration":925,"passed_time":21.73444048,"remaining_time":1.736877533},
{"learn":[0.1571088964],"iteration":926,"passed_time":21.76145353,"remaining_time":1.713685121},
{"learn":[0.1570545417],"iteration":927,"passed_time":21.78740186,"remaining_time":1.690401868},
{"learn":[0.1569918795],"iteration":928,"passed_time":21.81200499,"remaining_time":1.667010069},
{"learn":[0.1569212152],"iteration":929,"passed_time":21.83735555,"remaining_time":1.643671923},
{"learn":[0.1568162812],"iteration":930,"passed_time":21.86469435,"remaining_time":1.62047681},
{"learn":[0.1567280794],"iteration":931,"passed_time":21.89115519,"remaining_time":1.597208748},
{"learn":[0.1566899534],"iteration":932,"passed_time":21.91786794,"remaining_time":1.573951931},
{"learn":[0.1566229917],"iteration":933,"passed_time":21.94495977,"remaining_time":1.550714502},
{"learn":[0.1565756192],"iteration":934,"passed_time":21.97021359,"remaining_time":1.527341052},
{"learn":[0.1565140004],"iteration":935,"passed_time":21.99684639,"remaining_time":1.504057873},
{"learn":[0.1564359356],"iteration":936,"passed_time":22.02176129,"remaining_time":1.48065204},
{"learn":[0.1563759015],"iteration":937,"passed_time":22.04760066,"remaining_time":1.457304095},
{"learn":[0.1563126923],"iteration":938,"passed_time":22.07251123,"remaining_time":1.433890506},
{"learn":[0.1562283724],"iteration":939,"passed_time":22.09741355,"remaining_time":1.410473205},
{"learn":[0.1561487898],"iteration":940,"passed_time":22.12363827,"remaining_time":1.387135662},
{"learn":[0.1560873512],"iteration":941,"passed_time":22.15076588,"remaining_time":1.363847581},
{"learn":[0.1559994336],"iteration":942,"passed_time":22.17853589,"remaining_time":1.340590186},
{"learn":[0.155941296],"iteration":943,"passed_time":22.20395672,"remaining_time":1.317183873},
{"learn":[0.1558739499],"iteration":944,"passed_time":22.22895841,"remaining_time":1.293748902},
{"learn":[0.1558152374],"iteration":945,"passed_time":22.25347007,"remaining_time":1.270282647},
{"learn":[0.1557319782],"iteration":946,"passed_time":22.28025797,"remaining_time":1.246941576},
{"learn":[0.155639303],"iteration":947,"passed_time":22.30644241,"remaining_time":1.223560132},
{"learn":[0.1555878885],"iteration":948,"passed_time":22.32928352,"remaining_time":1.199993108},
{"learn":[0.1555425894],"iteration":949,"passed_time":22.35257305,"remaining_time":1.176451213},
{"learn":[0.1554709588],"iteration":950,"passed_time":22.37872582,"remaining_time":1.153057376},
{"learn":[0.1554077371],"iteration":951,"passed_time":22.40449329,"remaining_time":1.129638317},
{"learn":[0.1553545029],"iteration":952,"passed_time":22.43007438,"remaining_time":1.106205137},
{"learn":[0.1552921128],"iteration":953,"passed_time":22.45660936,"remaining_time":1.082813449},
{"learn":[0.1551851266],"iteration":954,"passed_time":22.48265635,"remaining_time":1.059392184},
{"learn":[0.1551082444],"iteration":955,"passed_time":22.50731698,"remaining_time":1.035901619},
{"learn":[0.1549987309],"iteration":956,"passed_time":22.5320375,"remaining_time":1.012411298},
{"learn":[0.1549147866],"iteration":957,"passed_time":22.55824961,"remaining_time":0.9889838032},
{"learn":[0.1548571512],"iteration":958,"passed_time":22.58729237,"remaining_time":0.9656715193},
{"learn":[0.1547996197],"iteration":959,"passed_time":22.61225269,"remaining_time":0.9421771954},
{"learn":[0.1547469117],"iteration":960,"passed_time":22.63686651,"remaining_time":0.9186657585},
{"learn":[0.1546895542],"iteration":961,"passed_time":22.66111175,"remaining_time":0.8951374704},
{"learn":[0.154574446],"iteration":962,"passed_time":22.68800353,"remaining_time":0.8717093777},
{"learn":[0.1545155801],"iteration":963,"passed_time":22.71422636,"remaining_time":0.8482491173},
{"learn":[0.1544520813],"iteration":964,"passed_time":22.74010972,"remaining_time":0.824770819},
{"learn":[0.1543809213],"iteration":965,"passed_time":22.76763451,"remaining_time":0.8013453139},
{"learn":[0.1543119738],"iteration":966,"passed_time":22.79351694,"remaining_time":0.7778552834},
{"learn":[0.1542219146],"iteration":967,"passed_time":22.82000967,"remaining_time":0.754380485},
{"learn":[0.1541729247],"iteration":968,"passed_time":22.84477092,"remaining_time":0.7308440646},
{"learn":[0.1540937126],"iteration":969,"passed_time":22.86932881,"remaining_time":0.7072988291},
{"learn":[0.153988367],"iteration":970,"passed_time":22.89729658,"remaining_time":0.683853348},
{"learn":[0.1539425518],"iteration":971,"passed_time":22.92180952,"remaining_time":0.6602990398},
{"learn":[0.1538627919],"iteration":972,"passed_time":22.94778388,"remaining_time":0.6367833142},
{"learn":[0.1537736956],"iteration":973,"passed_time":22.97299222,"remaining_time":0.6132420921},
{"learn":[0.1537419482],"iteration":974,"passed_time":23.00145747,"remaining_time":0.5897809608},
{"learn":[0.1536936218],"iteration":975,"passed_time":23.02688546,"remaining_time":0.5662348884},
{"learn":[0.1536194678],"iteration":976,"passed_time":23.05235431,"remaining_time":0.5426859255},
{"learn":[0.1535877714],"iteration":977,"passed_time":23.07798175,"remaining_time":0.5191366038},
{"learn":[0.1535150133],"iteration":978,"passed_time":23.10348421,"remaining_time":0.4955803558},
{"learn":[0.1534591088],"iteration":979,"passed_time":23.12975161,"remaining_time":0.4720357471},
{"learn":[0.1533875675],"iteration":980,"passed_time":23.15628162,"remaining_time":0.4484906735},
{"learn":[0.1533360194],"iteration":981,"passed_time":23.18142327,"remaining_time":0.4249140721},
{"learn":[0.1532747153],"iteration":982,"passed_time":23.20658013,"remaining_time":0.4013345496},
{"learn":[0.1531942646],"iteration":983,"passed_time":23.23186938,"remaining_time":0.3777539736},
{"learn":[0.153102761],"iteration":984,"passed_time":23.25721635,"remaining_time":0.3541708074},
{"learn":[0.1529947715],"iteration":985,"passed_time":23.28349465,"remaining_time":0.3305972872},
{"learn":[0.1529264305],"iteration":986,"passed_time":23.30986946,"remaining_time":0.3070195572},
{"learn":[0.1528605394],"iteration":987,"passed_time":23.33397204,"remaining_time":0.2834085673},
{"learn":[0.1527954755],"iteration":988,"passed_time":23.35942377,"remaining_time":0.2598115889},
{"learn":[0.1527446555],"iteration":989,"passed_time":23.38391152,"remaining_time":0.2362011265},
{"learn":[0.1526537329],"iteration":990,"passed_time":23.41142586,"remaining_time":0.2126163802},
{"learn":[0.1525725819],"iteration":991,"passed_time":23.43748227,"remaining_time":0.1890119538},
{"learn":[0.1525031976],"iteration":992,"passed_time":23.46229207,"remaining_time":0.1653938011},
{"learn":[0.1524523133],"iteration":993,"passed_time":23.48679016,"remaining_time":0.1417713692},
{"learn":[0.1523809054],"iteration":994,"passed_time":23.51210363,"remaining_time":0.1181512745},
{"learn":[0.1522593548],"iteration":995,"passed_time":23.53927486,"remaining_time":0.09453524039},
{"learn":[0.1520892204],"iteration":996,"passed_time":23.56420641,"remaining_time":0.07090533523},
{"learn":[0.1520084396],"iteration":997,"passed_time":23.58974709,"remaining_time":0.04727404227},
{"learn":[0.1519258595],"iteration":998,"passed_time":23.61506702,"remaining_time":0.02363870572},
{"learn":[0.1518159185],"iteration":999,"passed_time":23.64120129,"remaining_time":0}
]}