age,body_temperature,chronic_disease,breathing_issue,Blood O2 Level in Percentage,Needed Hospitalization
10,Normal,no,no,97,No
12,Normal,no,no,97,No
15,Normal,no,no,94,No
10,Normal,no,no,97,No
13,Moderate,no,no,94,No
12,Moderate,no,no,97,No
13,Moderate,no,no,93,No
15,Moderate,no,no,92,No
18,Moderate,no,no,66,Yes
19,Normal,no,no,92,No
20,Normal,no,no,93,No
17,Normal,no,no,93,No
16,Normal,no,no,92,No
18,Normal,no,no,93,No
20,Normal,no,no,92,No
25,Moderate,no,no,93,No
24,Moderate,no,no,92,No
26,High,no,no,94,No
28,Normal,no,no,99,No
29,Normal,no,no,93,No
30,Moderate,no,no,62,Yes
19,Normal,no,no,89,No
25,Normal,no,yes,86,No
26,Normal,no,no,,No
28,Normal,no,no,89,No
30,Moderate,yes,no,86,No
35,Moderate,no,no,89,No
32,Moderate,no,yes,84,No
,Moderate,yes,no,90,No
32,Moderate,no,no,89,No
35,Moderate,no,yes,92,No
38,High,no,no,75,Yes
40,Moderate,no,yes,90,No
46,High,yes,no,91,No
48,Moderate,no,yes,93,No
42,High,no,no,92,No
40,High,no,no,92,No
49,Moderate,no,no,80,Yes
50,High,yes,yes,77,Yes
36,High,yes,no,90,No
52,High,yes,yes,80,Yes
56,High,yes,yes,77,Yes
58,High,no,no,70,Yes
59,High,no,yes,69,Yes
60,High,yes,yes,68,Yes
53,High,yes,no,55,Yes
54,High,yes,yes,70,Yes
62,High,yes,yes,68,Yes
63,High,yes,yes,66,Yes
68,High,yes,no,67,Yes
69,High,no,yes,53,Yes
64,High,yes,yes,73,Yes
61,High,yes,yes,76,Yes
70,Normal,no,yes,88,No
59,High,yes,no,68,Yes
62,High,yes,yes,69,Yes
78,High,yes,yes,71,Yes
74,High,yes,yes,75,Yes
75,High,no,yes,72,Yes
56,High,yes,no,76,Yes
80,High,no,yes,92,No
82,High,yes,yes,73,Yes
86,High,yes,yes,71,Yes
90,High,yes,yes,67,Yes
84,High,yes,yes,75,Yes
86,High,no,yes,76,Yes
61,Moderate,no,yes,90,No
94,High,yes,yes,64,Yes
81,High,yes,yes,75,Yes
76,High,yes,yes,80,Yes
